possession_pct,shots_on_target,pass_success_pct,fouls_committed,defense_rating,match_outcome
46.887689355227124,9,79.876885902786,15,63.11368124042219,0
61.40255684185725,4,80.49971218581811,5,65.1272115985034,0
37.82850560398596,9,67.63436804451237,5,63.88111456622089,1
62.810132757795586,2,62.97756131399266,16,50.902069978965415,0
55.94988455580072,2,85.10728001802039,9,76.21560091466651,0
46.75879095118098,9,63.03281949038595,5,81.44751517007148,1
48.321144663354744,12,75.05500157765604,17,88.42396970863416,1
40.26588828744383,7,90.8237271119275,5,56.307444502222864,1
60.08457330787899,7,60.470540200908204,17,74.48824170395608,0
50.51498969221071,1,89.81242189730423,13,50.360366330320225,0
42.83418170999374,13,61.76704296354074,17,54.279214146982824,1
53.84200463043801,11,75.9953986968595,9,52.43952848926969,1
69.82937808205293,6,68.94928534247354,7,82.64651153069691,1
47.41049118626215,13,90.70235825556756,11,53.64768037449214,1
66.82765603114478,7,65.12105507307166,6,82.24038417014555,1
43.80067359698265,11,69.78734607717288,19,61.23311169847625,0
32.189308276999434,14,91.36582436065055,11,89.49708323136227,1
38.169684254737156,6,74.84940447397351,11,86.59174947637163,0
46.74780573310737,6,73.59731427798638,8,93.10235978638744,1
38.78539714378276,2,64.53780406354768,19,89.76929069561143,0
30.00908152873022,6,80.95045173148634,2,91.99982386023564,1
66.60006150990108,4,55.531799215777774,8,88.64340784309886,0
63.75517644923716,9,56.831967298984864,2,81.20218552766849,1
59.69168925947788,12,77.1762677240247,16,57.661661845644616,1
36.71258382584114,1,67.6419592312828,5,62.226838348434185,0
34.81454304839944,13,90.27270577143554,11,59.57271347586229,1
32.70418997889533,8,88.41805555674307,10,77.16136044461925,1
58.96116755091685,5,81.40713157103816,3,72.66289720881207,1
67.15231842751541,1,85.27138650172864,15,89.01859987212907,0
47.22143283652148,4,79.69127843770465,17,92.8702789924584,0
34.765626879841925,1,59.646537800275944,2,68.2186950328165,0
50.49571282928426,6,83.3251046785005,3,72.78577489763656,1
43.9532762983452,2,62.777102842597316,8,93.71823605618627,0
44.99299697399991,5,66.96738563870728,11,62.43075237304146,0
54.85322496622829,7,85.31166584778956,2,85.65758489114661,1
58.74872453048809,2,74.85144751055759,14,60.13579560508608,0
34.424143954926436,6,86.81780642478614,2,80.66570519413725,1
31.423609232259054,6,62.882306834200776,6,61.412703243735386,0
69.77321210742859,5,77.48780222845483,17,89.76800249741241,0
39.30913395662208,5,58.10026598428568,16,75.26650746815045,0
32.15322099633836,14,78.7932567609811,18,58.36701383934731,1
37.595013163836796,3,83.21375939769479,17,60.09661290643187,0
31.558313853938568,10,76.6424430772127,14,72.2232138068645,0
45.67243578468687,10,64.85056555545597,12,93.27209115086956,1
62.09607137805297,11,56.15967874777807,18,84.63389737476444,1
43.64977799030882,12,59.419608706678574,18,71.97393392716303,1
47.76733627513466,2,78.02521022573897,3,65.19736150529977,0
57.02347094269755,7,89.573548023173,14,74.71708220067993,1
50.35576280279521,1,62.64177294696424,15,83.67623750428788,0
64.45782744085297,6,82.19596751688866,12,85.276786480376,1
64.64142700183027,6,87.05868934021453,11,64.60739591436251,0
30.396427819646146,3,74.27264060255791,4,82.45216706962447,0
61.121852259327966,2,79.76283444621534,18,79.60049510162838,0
48.429344009666956,12,85.15556671701748,16,93.16005313983322,1
69.55362165214652,2,64.64498083640197,10,91.89906307286067,0
49.329283035017404,14,65.98513994791759,11,85.52206965216097,1
69.4758378155319,13,55.02321811525288,9,82.55276099847177,1
60.182774448229466,9,90.63448284321869,14,62.33187153669241,1
39.94419538453225,11,88.94916110006476,19,88.06843652443399,1
51.5357991714783,5,83.28902575909892,6,69.23775666710148,0
69.68542557914331,7,57.92581277613598,7,62.25082441277201,1
64.30122431007695,12,71.5576069188818,18,67.28723410790582,1
33.89467575164885,5,58.76999489694745,12,87.61709705074286,0
58.25487987239984,7,55.58904988872355,17,56.68849470100483,0
43.82318343483252,13,77.7987697128661,10,70.52714335039201,1
30.279290475213926,4,90.55068843196698,3,72.15609175382704,0
46.13923876107998,8,88.40611686698955,6,51.64833639194687,1
39.39017686899885,13,80.77992815260995,2,58.808571329667444,1
62.75477082081886,11,58.57570161410024,5,87.20340928591354,1
43.49322435383062,14,65.1440693938751,5,87.38453248676423,1
63.100947758152685,10,66.84209889475576,4,63.158678774791156,1
30.02391755339181,13,83.23655213658577,10,89.37037555690668,1
42.312766001044764,11,84.68321963169922,13,84.73023225807566,1
39.64660857231048,10,69.24892655062706,11,68.80583677079342,1
39.34269444274444,7,70.46170787485156,3,83.6782854982267,1
32.727464790618505,10,56.64683445321834,12,93.26005840376628,1
37.484970816420066,5,65.69805858149415,11,70.6536373129407,0
52.22198279542479,11,71.69755155557267,7,60.72922305290676,1
41.65444291350978,6,59.32837271625453,19,92.38174250225701,0
46.69579129316592,5,71.77089604793579,3,77.16849298534655,1
45.074675213887545,7,86.56750505353861,3,54.736932311619135,1
65.03619699999578,12,76.50887772982698,11,75.77072671355103,1
66.21195996042061,2,57.92040463642125,17,72.52614002517345,0
49.7182788662344,5,62.091838796720154,13,88.50150023340035,0
43.206238012624176,10,72.55814095586658,2,73.88128353935846,1
34.27202816009454,3,68.37502454340705,9,61.48545954549276,0
68.1361151752838,9,68.27289972320565,17,80.40398287391999,1
32.4090777960119,13,74.58289558131284,19,74.4158953641011,1
41.90601110273121,6,76.62264909880992,14,60.48700827200926,0
41.92264804680016,13,84.48387810021907,16,75.81325360743085,1
42.81605144560859,10,67.61576284811193,13,86.96910100503587,1
36.57147373089637,3,84.8022524725017,9,51.28569129758047,0
61.32645723694789,7,67.5286154771674,11,78.38829673903003,1
34.899914478639566,4,57.05102059082565,15,65.73133381029764,0
55.39626636612651,14,75.50494308717728,6,63.17021505917408,1
34.9538410682327,3,76.75238602110814,19,67.66644876625,0
32.82142550371826,8,89.57798908800882,16,65.39101989115917,0
66.37718014743507,13,81.86426906431156,7,87.45075980187987,1
37.60515065274823,4,88.95758814229427,12,62.36590148455552,0
62.85000618238817,11,88.60884677899136,12,82.99188603979634,1
51.785234844285434,1,77.36924207955497,19,54.23269191028649,0
33.11426078435078,6,74.52719641744855,19,92.8128367617987,0
68.2179276575227,10,75.6253157850532,11,78.00424867618483,1
39.878446679675704,11,91.19823988405817,3,81.8023359670052,1
64.38581381410427,11,83.60720459463748,10,63.411769944250295,1
36.752400231382566,1,58.93183847731865,15,68.54434559186515,0
64.15771528567412,5,83.8018510509118,11,60.07002738219393,0
30.52915251621176,7,61.30990780923436,5,91.96412386110008,1
50.47121826277923,6,71.55197031320814,7,71.964700119562,0
60.777703176862275,14,62.78700787053177,15,78.37016520460955,1
67.39182069971133,2,80.5145734247295,5,83.04224137388219,0
66.36808544825948,11,87.46046023914232,16,66.69977409947926,1
62.784994781905795,4,65.74338975856719,17,82.40457445426136,0
65.52765398645217,11,58.034397424702945,8,80.4196620390353,1
37.96878743348306,2,66.04424462877364,18,81.7546700243276,0
41.367371828469146,11,79.8773887434912,18,72.01534550920758,1
41.55874099684234,1,67.16412471951465,7,67.23218220312276,0
45.08215724006796,3,65.29015019949072,12,59.99369846940454,0
45.73282681540755,3,61.8241020516178,17,87.10818587604018,0
51.78221298618702,12,73.40810779435404,9,77.37575209392554,1
36.39519053465766,7,65.21010664181594,12,69.99584882438728,0
57.64986655143957,1,82.04738291816088,8,92.47981580197751,0
36.70266157218026,9,57.8350288737115,11,52.152746562816745,0
42.4123392841819,11,79.56922222511875,10,88.25773753422715,1
50.13380522424616,6,63.78972053900748,5,94.89121668256877,1
61.85762246093909,4,73.10333265890932,16,89.91239498972902,0
59.57876932954909,3,65.58532711515664,14,86.46964635270314,0
55.82137425642089,3,81.74244101239944,3,66.84376970328461,0
36.23093042320681,2,89.97636048931057,3,60.40913820180321,0
51.88181382462311,2,88.93184084038309,17,83.06827342248205,0
33.49786007199542,14,76.58676996033137,10,63.70589148298558,1
45.09452707186603,12,72.11658122050821,14,57.92178569697368,1
46.54066121159836,13,85.27711884925714,4,85.3936649196616,1
31.592457577830153,10,80.283075417226,10,64.0644643506525,1
40.95952397879887,5,61.79187222602651,14,91.14987782693024,0
68.22597869065957,9,85.37401090368101,3,87.82846901686064,1
68.14530431318758,2,70.86872240760428,9,88.14381482791649,0
44.09308217010157,2,61.99246941893348,10,84.72063767251217,0
31.724004357932962,12,65.42650196467022,17,89.63966406986316,1
37.16379757312726,6,64.89850011918867,3,86.2586101480154,1
45.688711737341606,13,74.21065806032803,7,77.11301136086279,1
67.9111879187692,10,63.671693355081395,9,63.312022336183844,1
35.647962541487395,2,59.57196003385832,6,89.9694136946367,0
60.54063374672849,12,59.576561472709145,10,87.82716302479363,1
34.34730157498768,4,76.58121929414658,2,71.27956949947453,0
69.25030309565108,6,82.186093687427,10,51.758540870087984,0
45.2646599643654,5,66.89672132701861,11,78.7344677330861,0
61.00938155596224,1,56.28207626311863,5,52.27685841544618,0
43.70364331244527,6,59.707320816669395,4,91.68259828317832,1
55.10675508635235,1,88.84369873247111,11,93.27340654813881,0
37.68064338960147,3,73.26111540480976,16,58.52705656548219,0
35.840840771878504,10,71.78219395576147,12,80.43752201247095,1
67.52256558272525,5,56.40781959747336,15,54.152105205324325,0
66.70589111617734,14,81.95956982572527,7,82.82826178579049,1
65.49875760851529,10,74.53851899448692,13,65.62794497687035,1
55.017338006663735,13,62.476994635201265,14,80.64725502787005,1
62.33072844865113,5,59.072729126699116,18,66.779442914098,0
32.761477476455,13,69.18535095438395,17,56.55053794249561,1
43.391561675627166,10,85.97499267521594,4,68.27494912261511,1
42.54812499028625,6,87.01589869043791,3,55.070308698565555,1
55.42581287810453,12,77.30531607463854,12,75.95974737396256,1
44.23831093882562,10,81.91884780751528,10,51.84281894672659,1
35.940271265747235,8,59.26076413390621,4,73.72938558199368,1
53.85868301654175,5,76.76066442231063,19,89.88658911929934,0
62.57535682676326,14,79.67773102902572,16,87.70429715537132,1
45.28493977839893,11,62.42637518781031,15,89.72517648319236,1
35.29074860393927,1,87.56572511767958,3,91.49219609571983,0
37.867527892512925,5,62.21487928827773,18,54.70375495440624,0
39.499332206775364,3,66.59866231431866,9,55.793624129407085,0
41.99590371978145,4,77.96060333986797,11,75.06530628409078,0
55.711802820252366,13,78.61895240983704,19,90.22877007909932,1
54.03781938150876,8,80.87723541653259,9,93.84572554358138,1
57.843194462681566,7,59.14443338352361,9,52.0817862803,0
44.50007938126053,11,86.43018390735655,4,66.0098337890297,1
62.95990607519913,5,74.71534389448061,4,59.58024145969971,1
38.163506446230414,2,72.43890638188753,13,84.01846320190617,0
48.761629900726156,6,91.30061210699986,18,78.80872408416644,0
62.037548861657214,11,82.39399698681773,5,55.39496141677304,1
37.20634590930477,6,59.366222984916874,18,71.75849303142371,0
34.39452454963132,10,82.9919491873709,15,80.84482350670811,1
65.34735870751959,10,58.524210556996174,10,85.0552427265817,1
43.71718651036784,14,56.01641081298044,13,50.90237194028038,1
57.35480499636128,11,69.9341581249862,6,90.07113082927503,1
31.01394417055754,6,91.76239239431109,12,75.6176622327736,0
57.60187553637799,14,61.47070563920992,4,86.5359101731957,1
42.64405246187882,9,79.88784071049123,16,86.35721135064276,1
32.22963414349767,11,61.415654449626416,15,58.54336971219361,0
54.39251046192468,8,81.81711807346028,12,54.95774541141349,0
39.632152642926926,8,73.69808572479957,9,82.4579271038222,1
45.4722896820752,1,80.15895327330692,5,57.039211346972856,0
33.22323249146054,5,62.50630750882668,13,88.24718711321256,0
35.88653004379781,7,82.58824830325858,9,82.67852677379473,1
41.91908941983375,6,91.83790520604015,7,87.88214139643682,1
33.590380022406286,5,79.62906852316051,16,63.45557058242058,0
66.43305058745261,8,73.25875992869648,13,64.24691271847561,1
30.241881727359136,3,89.1574375789128,17,80.2049700355843,0
49.35440875457246,6,55.586518162579424,17,51.41506797765264,0
34.929898325302055,5,82.00717021357538,5,82.69235358518402,0
42.30716357911794,8,87.88362112211108,12,87.61023818845706,1
67.04238239273062,4,57.28195959397543,14,68.68236139718468,0
36.46778213095948,8,71.65237430538305,10,84.41954735398109,1
68.63329278873331,10,62.57461979614996,5,57.857491264201784,1
38.23177507957687,14,75.96117212674972,13,64.50171772187682,1
59.66264433867318,2,79.03308946833545,10,93.84372333997149,0
51.86709059589247,9,66.19705776836393,14,94.38476781020569,1
65.37914910387036,13,72.01932177808973,17,73.06722738597146,1
52.15973022012524,9,65.3355609552327,7,92.04214061587446,1
51.38236876625235,14,68.6674730848392,11,73.52288051255846,1
37.818320014735995,10,60.90297839747167,14,63.121465767252076,0
36.64917448206635,10,87.76569941266837,8,62.01046796444473,1
66.65956604462056,13,55.37038519068805,18,91.8277567415667,1
43.11352795400136,6,87.64913989842017,14,57.76008750382366,0
44.88329019851584,4,76.15211849894033,14,76.08346061908182,0
60.392946337135534,4,67.27134023454965,3,74.99862806282238,0
43.55293929691229,13,81.7531136420322,11,83.28297580938477,1
68.0824978655601,6,73.78682961891857,14,72.46593083861487,0
59.51711075995201,5,73.46702034998144,10,62.25285473186604,0
53.8971697029368,6,59.075264468001755,2,57.62284248342103,0
65.2358064217901,7,69.41209295998013,15,77.93684615776513,0
31.98423633397931,7,63.91938079669926,17,82.35458405839549,0
40.28250768756835,9,55.580748507062346,16,75.62845754069147,0
48.6014533688364,8,68.32368633893819,2,83.22580747045376,1
39.07914157886084,13,58.323418788747375,18,56.36845411024821,1
59.75620749208608,6,64.50271139583185,14,89.7111587724411,0
66.768321242149,12,58.4231149837745,16,76.20779787838264,1
46.950804797236934,6,58.73484014558676,17,55.707976710166875,0
43.685304004475796,14,62.36341789336197,17,70.78663418925808,1
68.46202928550265,5,91.9944220459968,3,88.01562820396602,1
47.79409731310163,1,55.08081328571821,18,90.39029870539221,0
49.56193601797133,9,78.63088753645499,12,61.909227724944266,1
44.06599489367622,9,60.22601682698262,9,82.00696211197038,1
66.38193892048554,9,89.0632410582987,4,54.49933613676995,1
52.758219331274034,11,58.464417053344285,13,51.5095642135471,1
60.48698348726579,8,90.33733792367076,17,75.21795292189742,1
62.47226873403545,13,77.60427633688869,15,81.26724106976566,1
43.673961676690325,10,55.04691884587314,17,85.8104029029426,0
47.3477732528152,13,88.07826632292182,18,65.30973073049006,1
63.938870976250584,3,74.30333665057597,12,50.293643469299916,0
44.53021406703241,1,64.71878020722792,18,71.57836567001092,0
61.75740533807405,11,83.38932956807831,2,50.71340954181051,1
67.63969290297749,12,89.2866254938142,13,54.139302980185995,1
54.92841492272028,12,72.89656045643137,16,64.70100601392868,1
59.665091498075554,8,66.6754785543951,19,69.67274223020797,0
62.2038924816454,7,84.19096958559228,15,62.576124855334186,0
63.801585955865704,13,80.22606341817283,2,76.18393699271185,1
45.80213351427184,5,87.88384189876007,14,52.490740514814284,0
32.05053836703993,10,80.62301847216415,16,56.50608696078131,0
46.07505084946958,7,64.01054853928284,8,81.2866280339945,1
56.95024919136359,10,89.4713922410837,16,56.3963384119063,1
48.01401543123171,4,58.87892264662168,11,78.78988407066902,0
59.95852603441594,9,64.91388175395338,15,52.46080793390145,0
44.27929717874655,11,74.24720048578376,7,68.33220256036131,1
55.38976564416118,10,75.93245496462336,15,57.9834261554532,1
37.456792194158986,14,55.5664917051955,13,54.93363271408339,1
59.974777465798276,2,83.88119085537478,12,75.51647525755524,0
51.82783875252103,9,68.37947078173941,3,91.77510974025299,1
38.16257554186402,9,70.0374860170791,2,52.465417156559695,1
41.67644693991229,5,84.946673144167,9,68.96994116981153,0
59.94434834327329,11,69.03348549391914,15,81.83909469854497,1
49.30404942646083,1,56.747320430305926,10,70.82095242595221,0
38.64125761572289,7,61.52827150740296,3,86.29231757473603,1
68.6908476148119,10,90.36841737836275,6,58.08403921388593,1
58.60500079267552,10,57.604998408893024,9,93.18173922624833,1
68.28539330159185,4,68.1324544358166,17,67.33231824976433,0
47.08420181441373,9,73.61762918089974,17,65.37063348249238,0
49.00401362766882,6,73.25139061152672,14,89.35726075264247,0
65.91820864740077,13,55.146517891449285,16,75.37401643512949,1
51.00197360981539,3,73.54302106392714,2,73.23999538562697,0
58.29115647622669,6,69.19958094516414,4,82.7140063787794,1
40.0869150998212,13,90.96693541255861,7,76.09254072264906,1
47.86905874810562,10,60.888886107771704,15,57.31320401407019,0
34.9379946324142,6,68.10370528010131,5,80.33889302892183,0
38.23920143507847,5,70.52081494832333,19,56.006099567695784,0
30.037736610705245,2,69.45566087273511,16,86.2635967400328,0
31.57060206594641,10,79.63574062311892,10,94.5381468970522,1
69.09135292707717,10,62.973975729267444,19,66.98244312386493,1
39.69414780547049,2,63.1796474541177,4,70.01401541909057,0
56.53242838016008,7,81.98080509453156,11,52.08951449672655,0
63.56398795198446,2,73.51074919109264,18,50.617993463716026,0
52.02641836946257,12,70.36076001412049,8,91.46387006943475,1
36.125780003358244,6,61.26051291205832,16,55.78808271976364,0
59.124657493446655,5,61.93850724775017,2,70.06004364017616,1
54.01005640398332,4,55.39041056218832,12,86.69095807350027,0
59.25002357389501,7,58.38277194788324,18,90.01934419677437,0
60.789864914283484,8,75.60303170353892,6,73.37289583775605,1
69.0164147073898,4,87.99930581031117,8,75.42646362391774,1
52.9425312010684,1,65.62509630983062,16,80.13577876084726,0
43.66564450762407,1,67.12664735815675,4,93.26221115646719,0
55.938582276009484,1,59.27740759262595,16,77.12014824250272,0
32.73762836970504,11,69.3793449874628,6,75.17638667553558,1
65.89589273286344,1,56.37720306906518,13,50.65403608696958,0
34.77524045352787,5,88.95122576169031,6,53.64273659100602,0
43.11371351543273,4,79.90511988060756,4,75.97272319807983,0
62.62981522504484,13,91.65770594754909,10,92.13081745132413,1
53.89249513322847,14,87.66445701910428,10,89.00111067797278,1
45.74542081109769,9,72.50065196683164,8,94.21605153464921,1
48.937426375000854,3,74.22834615256394,3,73.75253169025733,0
64.18189572808721,14,62.051313721136175,17,85.4568922296995,1
43.60017544239568,7,72.09545568506356,10,87.81801491702032,1
64.78598739248685,11,88.41203131923403,14,79.16142457988877,1
33.52537723906766,8,56.881576674525384,18,65.24374568965283,0
61.07193748834523,6,86.95160171093747,7,71.14902955960075,1
63.90190532218946,12,67.61506866077656,5,88.60626825096054,1
37.27270611349355,13,88.28197230856347,2,63.43465666919738,1
47.21386129488802,10,89.81255653463492,19,91.56844090699919,1
36.61999098654623,13,79.82200081907052,10,60.34128536401993,1
58.26416515976871,1,79.58368010392908,14,83.72823868205512,0
51.41391072246627,8,71.75191049522338,9,78.37516554555822,1
55.41293386833284,10,85.91498830811717,14,83.73197485043431,1
37.85947867824844,3,90.57967206203148,16,69.68064075946677,0
38.46983448209678,8,83.67802661254741,12,91.9688478149293,1
31.659893020396254,12,78.01165914899823,13,78.46124910851648,1
42.88270140782919,4,77.45133714538946,15,62.97331120494153,0
52.389786453347,8,86.43038635859551,5,78.73047817934646,1
64.31739655989315,11,75.02453933353804,2,62.9067086243164,1
56.67709789834723,1,84.74281579120644,5,63.21345762919434,0
47.41585293599006,3,73.82875444144709,10,67.98193302293906,0
68.12480457576551,6,57.31043817403519,11,88.35936879061035,1
58.76980802303328,9,69.20603932945374,5,72.51340434772965,1
67.206608114502,2,71.44431543384545,10,80.55053790035933,0
51.10351893088662,11,60.23983806450484,14,67.63854831235084,1
40.356170991725584,1,58.792364180000874,13,61.862244791309664,0
32.11306745458888,10,74.8122031373073,12,92.95880723223041,1
59.04339405935402,3,58.15031455257504,13,77.16115612053781,0
34.85211992022136,4,66.2089712119331,19,92.02781023622232,0
42.11100513087869,11,82.55008811063381,13,59.153585098924175,1
51.2988363153559,5,90.6839906440153,17,56.610237376081976,0
52.576663511189906,3,81.56121148042135,6,88.51203082057566,0
54.02332787948544,13,91.7271452927562,13,80.64127456777632,1
36.650213213988025,10,80.8385049373379,12,58.39603246641386,1
45.189496192865946,11,65.87039541421012,10,62.1211865298592,1
54.68776908467866,2,79.86594399869838,19,86.029877368639,0
68.79275458535139,2,80.97980031228545,4,70.42408789981712,0
59.10524550798755,7,68.75389843080904,18,80.17432279277409,0
66.90415028375831,9,55.6554124725474,15,64.32584099612049,0
60.48848233256708,10,81.01839203669302,2,67.15534787486945,1
53.66867875569602,2,55.80290352519504,18,94.58206513803972,0
37.680934765453785,7,78.35395888822264,9,61.14276892286233,0
56.66742607570052,7,61.05381008347454,6,72.79053696664313,1
54.935182638396284,11,75.92733052667761,6,87.99810544357395,1
54.098766818290656,7,73.64478193908221,10,60.76504461496361,0
49.59143471952963,3,55.500004765328754,4,68.68461905079488,0
51.146264159571025,12,68.42603522881883,10,77.67910793164947,1
43.377701084724166,7,77.2403731936632,19,71.65346681637962,0
50.77250770569213,1,86.39844242025485,17,70.67760199566429,0
37.90223622713913,10,87.87975821195114,2,66.31293790949556,1
62.20697589441507,1,72.90244889122926,3,76.39908474987163,0
37.431078187948316,5,81.95163203007921,15,78.09677140656247,0
33.398651595578656,2,66.70881933173793,15,79.39802934056132,0
47.449841054286296,9,67.66089701307033,2,53.16656485577132,1
56.332297580242475,7,62.195150209745606,17,78.3965379070422,0
47.508672997341655,4,75.79208006974986,16,92.89567304515548,0
41.07016527805234,4,66.6388735843125,16,74.34438059876376,0
52.32684735561763,2,58.12172316822468,13,82.187018712916,0
43.880093416487995,5,80.3452252065376,17,75.0529538491648,0
67.31470760506532,4,81.18686868139973,15,88.46332783663904,0
66.90580558414288,12,68.31971949482514,16,91.8312392568906,1
50.09487279888382,13,57.838765779872844,16,58.28989546833617,1
43.11535976073034,1,70.77301554392676,9,69.65870164507069,0
59.48529655826556,12,71.36641194785797,3,67.65719454197246,1
31.468517739322664,8,79.74082274122205,3,68.23468054846754,1
48.990760241746045,3,66.67040647657129,11,55.648588155254416,0
43.45293577081334,14,80.2561733519083,4,86.61270766913236,1
66.82143540410219,6,87.24507604502337,18,51.60948093567209,0
30.480121090907303,4,63.78698356740139,9,73.77019734772206,0
52.11259502873396,9,91.22002357643629,5,79.78452746201111,1
59.626543242665036,7,69.29562107406186,15,59.33612471264947,0
49.40071950096165,9,64.88857135044128,11,90.7632586444458,1
33.41612120650887,10,70.59591375288075,2,87.73471431611569,1
68.8984556011161,3,58.49270660844279,5,71.19876782677665,0
50.72041725504391,1,59.65111854094828,2,68.50170195530625,0
54.567449772760455,5,70.33405973782826,18,60.6455566344995,0
39.46439130830029,3,83.2104473117467,18,82.84969510902337,0
49.339923404272156,6,88.31155286425616,8,55.92847098343839,0
47.165979678332874,8,79.59826565650202,16,80.61069892297024,0
32.99583368007935,11,58.89312354381228,14,87.91056437532862,1
34.24641414189869,13,79.8647312006798,3,60.281220916266065,1
63.49890078475098,4,78.51083306600997,14,88.98923313044403,0
39.592798088263606,5,84.81326497685326,12,51.49954397477788,0
37.798330859945224,5,85.53420066613069,16,91.07543234239364,0
50.196458050005575,4,87.12351380382222,11,55.32630025330841,0
60.74988525450052,4,70.32286603942664,10,79.05916300721147,0
32.47786074315952,4,80.82098262802934,10,61.25371110112738,0
53.072316785530234,4,64.92526328012549,2,87.64485760263261,1
34.76841771362294,4,91.97544235938966,18,73.053516241196,0
31.45844203302474,5,61.48736693094382,13,56.08585360609256,0
32.1097580864887,2,55.37423397145093,11,75.69462070966904,0
63.36656432833765,2,60.505922437172515,6,68.35471745886424,0
34.718899345122466,9,83.70727471313269,19,79.76515174758956,0
31.80605457649168,2,71.53099603080382,16,89.68564781435568,0
47.51599548571649,6,71.55750916898585,7,68.42251090325382,0
63.75973887768099,2,90.33584802563173,8,63.04463057902368,0
40.496335059572075,5,89.02649159703876,18,50.653179253742394,0
46.868504701036656,4,66.51420529874834,7,75.86775670369437,0
31.596901302550048,12,62.73515076489205,9,68.1023645344145,1
47.96314056539504,7,86.39384176754837,13,66.85921485566729,0
53.10452322548535,7,88.52270562864143,15,58.23208945778956,0
52.83628215008579,13,75.03908614354401,13,69.35249053360735,1
43.29706768697461,6,78.28867731133272,11,94.29988791125157,0
42.62132722652542,10,64.50582853361486,16,63.398936915251,0
34.264944757463915,5,84.62969945520541,8,76.98669860336452,0
44.67193282585073,1,78.38852985261386,10,84.94190965920501,0
33.979786754918585,12,73.62999991802587,11,83.71210204294393,1
60.66383778848206,3,57.224016574900645,11,64.79484293716658,0
68.65097190992743,9,88.88959361291268,17,77.48870375825827,1
68.80297826666828,14,77.77170255422303,8,89.20691083715707,1
64.60284397501576,1,62.12957050363981,6,50.695134247988506,0
54.031685973584764,5,77.43628632837296,4,69.60804605794884,1
58.0346278897552,2,80.06614410687902,19,60.09230382088574,0
41.40823210721656,4,74.45350245727934,12,67.48845306794775,0
55.230816806904826,14,81.56976430437282,16,68.71953235888587,1
48.2259819775951,14,76.51379607335909,6,83.60019341539866,1
49.2806935910773,11,90.06747453518949,13,54.221984257794944,1
60.31106241500632,1,56.986791908174354,5,73.06627564096297,0
41.27673422389007,3,58.93109121337374,16,75.38876563094354,0
42.721584467780794,10,61.425850567310576,10,72.23709215983119,1
66.98567164514546,7,80.53632961236029,8,82.9342963878224,1
32.24897179403889,10,78.88704729174292,11,67.27060651580814,1
49.425371936533615,3,88.00617782775868,14,92.52351786380342,0
66.51203201631446,4,82.11646575670424,9,71.68115491425236,0
54.41452031272628,2,73.8091530398899,13,75.70462593266589,0
51.85628296848528,3,91.69777632115432,2,87.14888705060372,1
39.98976716917421,9,64.84599437826407,17,62.38562476690051,0
43.73101956257793,3,85.8280914120618,18,53.38409129432611,0
64.08193663218772,11,70.79124377117502,19,81.85027902631171,1
52.368725270738324,5,79.00320013840216,12,71.73553349967705,0
50.589687750271196,2,81.90893340674006,19,90.34269129315476,0
33.98318854160116,4,78.44890122604244,8,94.22060219250953,0
30.641126258204924,12,60.19877021501795,19,67.95992077586281,0
68.54740754748197,13,71.38918739767351,9,68.69475573168474,1
45.07944669147366,7,75.77321998352559,7,68.35831709925769,1
54.12852248398018,14,86.41461908960808,8,64.60493493789167,1
33.1886029274914,7,71.41489270554717,11,85.17591939948788,0
57.324571428921864,12,88.9936502777573,12,84.15480931208275,1
67.30266834823843,3,71.29384625193279,14,71.53901917477361,0
53.02661011989679,5,75.30485479273143,10,52.00975473705044,0
35.04461289501642,1,84.46257026888364,8,63.930168568088305,0
53.26886109893907,10,76.57350432361932,10,63.15363709496769,1
60.653888524186094,10,90.52806867816452,14,86.49892607901162,1
46.25666146296075,10,79.43242572902273,4,53.940900803727864,1
65.19350991765872,11,74.34024980050124,4,86.25539205692169,1
55.94731813429458,1,55.872902807889446,2,80.11326434896144,0
65.9699567315681,5,70.3081172104722,3,82.95986566087021,1
54.94021244989349,13,66.07219151262593,4,69.44959344132606,1
35.25151888019297,10,82.6799097118371,16,80.58766082007912,1
42.38766844420756,9,62.706273980681196,7,77.40630251181122,1
38.07179793009828,1,62.59314322988066,14,84.60410878528833,0
66.3530599086745,1,62.01220459978294,2,70.10464255107135,0
60.41600269149931,4,59.64777768678073,2,71.27715312033361,0
57.05593475640024,4,66.50725913582284,3,78.96093002329191,0
42.038652785264865,2,87.77911823440672,16,54.86348721498747,0
37.36179088200854,9,83.67235347532034,15,69.63100017639428,0
60.25804351955647,14,82.20429500335136,12,93.73778803669126,1
48.96631783516319,9,84.50146180904862,16,51.68985440270205,0
39.03158208602517,13,64.96846190519415,7,64.22021252898772,1
54.664879126611005,13,87.83534255784204,10,64.13494185902168,1
31.613354085538077,2,60.08022488023936,6,78.50588536560977,0
43.04681016513014,14,67.44479188847653,3,54.76101617408629,1
48.74227978364539,9,76.70968040179169,7,78.28448138954874,1
35.91833336437623,6,58.807488268654026,19,54.276810829322876,0
69.38617910363358,8,82.01481694772772,10,54.2729141338249,1
38.36389458358457,10,69.32810378352858,7,82.76825107348171,1
35.214125201730624,13,84.0230096275108,15,64.58608282247583,1
38.14139495547586,13,73.2371625666303,14,93.98403264711865,1
60.76244532638897,4,61.69235740373745,12,51.68088213959997,0
47.020226370873715,2,82.18618702014774,13,70.02979986730973,0
52.61663759010152,2,64.32932636604092,14,55.091117195331066,0
30.84036627945443,9,73.15998114691759,15,65.81205350411489,0
31.377252342932582,1,57.79473095880558,19,94.92001027740727,0
47.83302199308065,12,77.86106621324535,13,89.99791302823394,1
62.66620972806494,7,79.63673735000225,5,52.17459839849286,1
65.40955514830262,11,69.010945768993,11,75.34651297215575,1
33.46826270382561,14,90.31364287187974,18,79.1520037170996,1
51.53452408404091,3,87.34425009483653,5,59.429058077755656,0
66.52918745117083,3,81.1938138823798,13,56.52975080284026,0
45.51891017591545,2,81.40512675626849,14,90.69715105994855,0
63.182633257134746,14,64.3388634528596,5,93.59673986675195,1
35.347826175977445,10,79.30216355027261,11,94.63517857938388,1
67.41577958671195,6,62.33363181371423,4,85.53927981805856,1
60.05693270125211,13,60.32811928503342,16,79.85759312323657,1
67.65337571147606,10,91.98031208549547,3,65.55786134868491,1
57.06468934210026,2,78.02790946450745,18,57.71292405461386,0
44.536157279977076,10,70.94655128831604,7,53.55412697148043,1
67.5272469009889,4,65.6620873467062,9,81.19838608481714,0
41.02267105236714,10,77.34505641550241,4,85.31255368307112,1
43.2869008824693,9,56.83495980414319,19,87.19041436047411,0
58.03233672006961,9,58.50319664867742,2,91.11942514867093,1
60.612651981015446,6,56.215697816394666,17,89.59683036372681,0
67.17613935396615,13,73.46928383071848,8,94.98835725161416,1
38.19209636224838,4,77.22244527992575,4,60.98288049352631,0
61.91992140876896,7,57.31175117023937,5,84.34884268454948,1
59.54184213587854,14,81.6853052974599,10,76.3906780568659,1
32.551782250143916,1,63.524617646038884,6,61.75603096041121,0
45.48892564840828,12,80.35245378948504,16,94.18573950291243,1
41.310618282403944,4,91.33019418130408,9,90.40541471484136,0
42.17961697416122,5,80.57091719199249,7,55.78320507998524,0
69.31787518218803,8,87.67814295817351,19,51.17712540455389,0
55.711096539197115,12,90.08334474949349,16,80.97488430497046,1
58.70704631173999,2,73.00978878903567,8,77.18587829854408,0
69.06470549260037,12,80.98602423852915,11,92.11170308500157,1
45.08807129830555,5,86.52286238156614,7,60.53023792221664,0
62.07360673811224,6,68.19452977635228,15,53.797457655274414,0
47.381238532179815,5,64.6717007127346,18,61.66469001973939,0
64.78134687259919,13,90.02414719279852,10,50.85174382301585,1
37.22630165245213,9,81.87322951364627,6,51.61517380350196,1
67.90744708257118,10,63.128238934905575,8,91.16860126643418,1
38.75086833643519,1,71.6160855290162,8,65.84074621258452,0
43.04882027923726,14,84.46871547289895,3,68.48640504543563,1
60.247689364271224,3,75.24133066398235,17,50.8267244542147,0
45.75020566261627,14,79.0482276321379,14,62.1734801077331,1
54.32845507065787,2,82.88942347566694,9,86.2126692683644,0
47.78294004277714,12,78.01433998593228,7,77.69709318500236,1
59.69479748359127,13,74.98293491112125,7,83.92012704888869,1
39.13325009474443,3,82.73572852234761,10,70.12461833572033,0
32.33831948947508,10,81.91983231099142,5,63.937814978809854,1
41.99717589892265,9,78.30527880677762,12,71.72645419977667,1
48.97234659473721,13,68.3122082951314,6,64.5381980782588,1
36.72080208770714,14,70.01504741141005,18,87.75369935033305,1
44.19189158625555,9,90.90622630871161,8,63.395317201678054,1
45.99932073174274,10,59.158279494786456,16,79.68936382038876,1
32.29567374753094,2,64.93468193835491,16,56.164200003928755,0
53.33228992736818,14,73.21886509056043,15,80.90899221807095,1
65.3737371188515,3,85.95899838732008,14,91.09848702200152,0
36.0697165181221,14,61.05599955799993,12,77.38624195879588,1
53.91232053606056,4,65.24732087061057,14,75.19349210155147,0
56.58956819643385,9,57.43453405842384,10,93.25032206097382,1
46.77338721677153,3,81.12145484388029,11,78.23284498921309,0
58.0439034945708,13,63.8137491125978,5,61.67976949728872,1
46.42926173964048,7,69.38096577482517,18,63.15759607314832,0
50.1854915190974,12,71.41695354009771,15,81.73879891411673,1
30.29412178217708,3,87.97861561743886,19,83.09464672514838,0
57.66880456538755,7,70.21922074225576,12,63.65733043050568,0
56.453707157788976,7,60.37332573686422,17,65.54047900668486,0
31.536035093053783,9,74.39965271858448,2,94.59754289325892,1
44.73000429580532,2,90.6294458019993,8,54.58786473111248,0
69.16127363166669,13,77.48436871888,11,68.20902627980448,1
46.829462502744676,6,91.38532715704119,10,52.81013890388783,0
50.07781620527367,9,86.1209704307382,4,86.94852628992085,1
66.39720632638874,12,56.330732979896275,15,54.155562752544455,1
58.69047503463025,12,79.36078502895054,16,80.330331040822,1
53.28280524496894,2,65.6103744696417,3,52.54175408015669,0
61.9121872536429,2,75.70582365885478,15,80.2784767014361,0
64.57465065823894,13,65.33577206445538,17,87.93666261174664,1
48.27552286949067,14,67.90820541439575,8,67.94696871158258,1
49.00433459727341,5,89.15724233490464,5,73.49569220444796,1
45.44203742607343,10,62.6457978409931,19,68.06937821023772,0
68.66824560073843,10,87.34203736695574,6,63.52199413846875,1
57.886650171614015,12,56.12693889860838,7,86.14685302822076,1
33.328922648322894,10,58.36243191967699,8,62.240115817894534,1
64.51838493252075,8,86.62297653121774,16,82.53245409752512,1
49.222397633450726,11,78.33057314364022,2,59.2788685664841,1
32.7501562568995,9,82.64773710746336,5,61.24342082352483,1
51.98869020653244,2,62.748453820408606,2,65.14075231597455,0
46.686571159028084,5,74.87208785683383,12,76.51203698272047,0
65.109976194505,14,82.27711127213828,19,70.44900436217935,1
38.15978414437549,7,78.21062306937972,15,83.53151644225193,0
63.05858437968732,6,72.45285437497475,12,59.61052851512866,0
52.307547647418104,6,90.51200009819544,11,50.480252953197535,0
32.18441212853876,7,80.01782133777748,18,84.94508623033491,0
68.87381205301938,3,88.58677960892581,5,86.97422002460326,1
50.504609764128,13,82.0015089282262,16,52.67660733987753,1
41.6350741692633,3,82.21215055811427,17,77.49083849712784,0
48.77627367957032,10,57.960675981034136,14,67.01930527428851,1
64.31431134069956,9,68.30019100859592,10,85.72530448375326,1
42.19612497540254,14,86.75966804862736,12,89.34865493884153,1
37.707055859468014,8,63.60634289950397,12,88.2951695058762,0
35.16284987723526,5,59.27371704778925,7,84.97419113078834,0
41.91437593560845,6,67.06592409563535,2,62.10735029339733,0
61.20192348160174,11,63.15620174102672,7,86.53503396057425,1
48.865054607810464,12,89.23566320734673,14,74.00653141578317,1
39.0992641477416,10,87.11476575407886,6,52.37404766744409,1
36.64739998438997,1,73.48827952046746,16,70.5622482454212,0
43.30917906041516,10,57.26972335590312,19,92.3971062663497,0
67.59697491542835,12,81.43880680544677,15,89.95367073809987,1
43.721068503600975,1,78.0662340594418,16,54.60189264487022,0
69.5249630381854,4,90.91052281695434,6,83.48570085714667,1
49.40921823061424,2,75.68126989000395,5,86.26067896812057,0
37.166556731606036,11,67.44656776590764,3,62.212468470654414,1
65.64560367174037,7,74.20380266240656,8,71.22238568334916,1
48.414214925393075,2,91.23274178196709,11,81.99445736586573,0
58.38685374018098,10,80.76541000372214,17,69.75686699695166,1
69.34846332836608,2,79.8631171033009,11,55.075861348995964,0
32.00701401279896,5,63.90521881985776,19,81.76471001067748,0
33.867782391502686,4,82.51329314974285,18,91.02374103808866,0
58.818269658510246,8,82.76005769045555,14,79.36181277827708,1
41.273000131818876,4,66.7396923997085,2,84.82103368560652,0
37.37205587800396,14,72.89741179845639,2,66.12631410460229,1
31.57447519278918,12,65.90032331879688,16,58.243921030698566,0
30.87386847944807,6,64.5720876019986,2,78.92481477282317,0
60.979424124791635,5,55.95815459923095,7,64.74970426285485,0
35.377337094782,11,65.5528345521733,14,88.70330835454067,1
48.70882463884604,14,75.49688814549617,2,55.5182622490103,1
54.23587260717932,2,55.059243939314065,6,69.50586648799057,0
47.13407202275385,11,65.4791061009577,10,67.85274202107736,1
31.084266093449322,13,87.61218229596025,18,92.21242340992683,1
61.34006010351635,12,76.96499764897234,17,56.89106602719818,1
30.420528981666138,14,77.49092449099628,9,50.44310712554049,1
60.475595775099364,8,69.92447928597507,18,60.713834576320295,0
65.73217975152491,2,80.02946930921921,16,86.91245868958944,0
47.31359684228689,9,62.02751235052329,2,59.41948172211577,1
51.42169892391193,9,85.2936319842151,13,60.83951286674672,1
49.07933570470615,3,59.31749743762829,6,55.84544620415649,0
45.56834474493755,4,79.27205012216504,7,82.19462914744432,0
65.49698141481441,8,67.62252505532827,2,53.112838572743776,1
65.75734042679963,9,82.65797991155165,2,64.90437360478347,1
43.43265458566138,3,75.34128839684274,11,62.7124426979434,0
54.602790160587915,5,71.7370624237125,11,74.98218784055697,0
67.07630248583456,11,61.26862887745014,4,82.8687319258881,1
68.48233995765406,8,78.56239417852106,18,73.97943956135363,1
50.3583616168819,3,91.06648420655529,12,91.89616968387804,0
48.11299221137307,7,85.54732672155956,19,92.81491874992994,0
41.14777263714103,11,57.220303125793436,3,66.2659397824332,1
68.35487492761641,8,68.92048699936407,10,84.99561693237018,1
35.7125721789147,10,89.24657134004005,18,83.24606224706854,1
53.193183041909,11,73.6126186596098,15,90.18340662671723,1
41.302010700745555,14,79.49813755490263,5,70.15746380934665,1
41.160331613911865,3,88.76617578688145,18,73.87129342390065,0
46.19874349504754,2,87.33040354553557,18,68.70984411117084,0
69.95171743262618,10,73.5673538949989,13,88.26696136848676,1
32.198652273592884,13,71.19291319833127,19,60.33660419129605,1
53.14167272814126,7,67.56862688374473,4,60.78690852091001,1
33.30288632141109,12,81.60371939702696,12,66.76722966096858,1
36.18083319962076,9,65.6185115804471,19,60.3654274446058,0
47.58251767091595,1,64.24584143794331,5,75.24530763867143,0
50.41840525385766,3,68.18124610033986,18,56.052054792297604,0
40.351696334580964,5,61.556957104515305,19,64.4083798731825,0
42.658285234976645,3,80.7194331899934,6,91.10501143140155,0
33.47868081023732,1,77.80090402523265,15,68.41514660863082,0
42.12879135377002,7,72.86650576228621,11,83.67051724220792,0
68.66233757522176,7,69.44205383267752,16,55.10579862679583,0
67.78829526689927,10,88.63531408717907,2,61.14040286638031,1
43.3951316054794,12,56.07758004459689,17,86.33055295401658,1
52.83415745115046,8,83.45698650977008,12,84.33468213303624,1
66.38381564443777,5,88.37065415470889,7,67.37701633672195,1
30.247352905635868,10,71.51511943890726,17,92.94786059150634,1
62.42734281350367,12,75.37554818441393,3,90.97893571255455,1
67.93478211155676,5,89.9451564516354,2,93.3035337100508,1
33.653029373342285,5,62.854268065564035,10,69.25616105845035,0
36.45790744131684,1,74.24498936803334,13,58.88631126585574,0
68.42985211085421,10,72.56468170374387,18,78.19963875911034,1
51.50160574561385,5,64.5605279712037,16,80.81479212256393,0
30.567865378868948,6,85.287949523805,11,55.6448803002734,0
40.30527995054116,13,88.28522200623974,13,85.39173654331577,1
47.997746970754385,12,83.93150545216372,15,50.812709889198224,1
57.71635644099071,1,62.22828155139851,10,71.72277743645526,0
59.32641512547198,11,58.209699513551115,14,64.89573167727028,1
69.81686051701824,7,77.40144595629766,4,83.31363769545878,1
41.50044797535036,1,57.112506138865704,15,64.07423273398172,0
51.528804074739014,11,79.89455787664912,11,87.20632007514648,1
51.3329419143842,2,74.62569615210798,17,76.77290699513648,0
46.2258103778895,2,79.52307211151555,8,85.72520127929324,0
36.76647575369681,5,76.83631862504053,5,94.52032870278308,1
69.09826252735371,14,70.6399950725054,12,80.56212555846005,1
64.13268746666344,10,62.43245566518844,17,94.32276423627398,1
49.93332113176949,13,66.31097902498807,5,51.29763471147674,1
54.12981690736119,7,74.40652124610213,18,65.21629948177139,0
39.09044214238649,1,79.11911946496141,14,54.85339690530391,0
51.751482815669874,10,83.84087162472755,12,61.80372191229978,1
57.79880532485903,1,83.38531658261525,4,87.74995546065985,0
50.60668113546355,1,90.98948350066016,10,51.45454693967407,0
69.61140682339766,6,65.57613360054614,7,73.40823210795772,1
54.45366624990905,2,57.63109620389716,12,75.52079183895678,0
44.838948503686765,1,67.78930661504879,17,75.25180160023803,0
60.886081104633526,6,82.50189558329083,6,71.3883683220465,1
36.81850046326568,14,71.21013108823192,15,85.577133414639,1
45.38063254825066,2,85.25817193180852,18,56.0094390277498,0
43.87835801510343,6,75.32507551188255,4,63.975965699785434,0
47.27228380431109,10,89.40229373732862,5,77.70767240503278,1
61.271193037149054,8,90.07094735396555,17,81.09281148205801,1
49.3669212865363,2,57.5642667226937,17,68.18667942996754,0
61.76057801063851,11,71.88729726935969,5,89.3917068497255,1
53.05955612559464,9,77.55849526623402,18,68.69720285131615,0
43.68277738630221,8,64.46728401005187,14,68.124926045675,0
62.399149747338896,12,70.06184083702227,2,51.62932676693232,1
39.531586822123664,10,80.07421702135484,13,74.80136012876302,1
38.975319191991815,1,63.38916639523937,5,81.89063773303573,0
50.18011696219343,7,77.27331006005474,12,55.149717358258165,0
40.433969838483556,14,80.80556964207932,6,63.744474473954185,1
30.363481398048652,13,58.34836351054707,3,85.15656292022834,1
55.93190109195206,10,73.40858469301575,18,66.4663745936109,1
50.44375285889592,6,64.73396110719506,9,60.872110791801795,0
47.82071257972645,14,81.80229517192765,7,80.24902986043006,1
68.67874058473262,6,62.0135538158668,10,58.8541449952245,0
52.84796735851655,6,88.01280287490994,14,90.30438138124296,0
64.53726311157538,6,70.9448294511781,12,54.751927821176345,0
35.57800944820641,10,62.32611212137948,17,81.79474110272722,0
52.7682585251771,7,71.20680646496218,17,72.47969155788688,0
64.71918506923612,12,70.12351922391554,3,89.14683030786472,1
53.32423029119592,3,70.87000150126728,11,55.67877909618065,0
58.72056712508006,14,76.66576785940553,13,80.50527133232396,1
44.8817427124883,6,74.28342782180088,9,75.74245876316216,0
33.69798068148266,3,60.5417538721934,12,71.6040564008021,0
48.31601180508286,7,57.426425687925544,11,72.11332685447007,0
45.7791756335543,7,81.988371602882,14,82.48896328093389,0
64.6824072951579,8,75.7095451293476,18,92.198374472067,1
39.75981209409889,2,68.28302841893276,8,54.10632466035717,0
68.66936910140433,9,84.90923943242873,4,50.877619142473414,1
68.32552479217985,13,69.35816354765541,14,86.25671566165416,1
39.90526572285755,5,84.45070831522247,8,54.86762243978417,0
43.92207821909282,9,66.31297671795787,10,94.40135582361907,1
65.82222963495539,10,57.69527600917239,14,77.87067120314768,1
68.6648888358443,5,89.50766867059738,9,79.28898778643634,1
47.73756411344176,7,69.5983917834108,19,58.95012663221078,0
42.83988182563591,11,84.32962519542698,3,60.81405396335035,1
51.04376053006168,9,65.32833292922527,19,79.67076363946626,0
57.51076825462939,4,78.91550914857527,19,90.93770770703887,0
40.938980614999195,2,87.31250231053595,12,94.2075749532905,0
59.45892698476291,9,56.54082882657927,2,58.91139259839922,1
32.06629428458564,13,85.7335232933853,15,56.03538302194056,1
31.97177971057666,2,76.13932118396136,17,52.53806109923557,0
45.45150820582181,3,77.47645489461706,12,89.07336581725976,0
44.13892768242882,10,74.35684602982136,2,63.26216810854109,1
42.62532861468609,2,87.35557882149476,8,50.081541524116325,0
49.6407905067564,3,56.607034217718585,17,60.071813872539295,0
42.82934329246285,6,64.65805048682638,15,65.31984860447383,0
37.69031673872368,3,87.40321393778875,16,94.59437762735084,0
42.378781963544036,10,82.83679099368237,15,73.55937172356867,1
68.9961709124094,8,55.652870926608415,12,59.21212764177956,0
46.44453667979394,11,74.12923247875922,17,65.0668255121053,1
47.78851107433343,6,74.59418918636896,18,64.86384594005953,0
53.061799598045596,7,69.83263899973268,7,50.887658590842896,0
69.33363073656906,1,66.00355328629362,12,56.08323743771435,0
39.66405105743052,3,80.22381946525665,18,81.28384068664451,0
57.251284421297356,3,62.68824719407589,10,55.41129439568306,0
58.63938774166897,2,84.56109679665312,19,60.38304244727534,0
54.29297667172264,7,84.71237494839646,18,65.78317842819389,0
33.54313358546576,9,70.36467319019437,13,84.09807250260322,1
57.07489103310306,4,65.49127640365697,6,76.20804341905729,0
32.56378844144702,12,65.50349271885639,12,81.00499932448557,1
53.84570598199588,5,72.84477898785977,5,75.51555464390775,1
59.583247088869705,3,81.62443131572627,5,80.76165913498411,0
38.43879562479802,11,68.27814156677277,4,50.12789691487876,1
63.664880301710966,9,77.5716037819368,18,91.89041649671432,1
31.21415222132017,14,69.15192504155598,8,54.991410389366294,1
63.75251454633224,4,66.26735799860118,5,68.28120931896072,0
48.413162025710605,5,55.91980208888438,14,84.69672666101846,0
38.70351759726578,1,55.14482191220945,13,69.58538231042408,0
35.35112579975872,11,63.40668407978416,2,92.60791482503822,1
68.13228670329491,12,70.03703261163683,19,71.0415026824445,1
32.906623503246266,13,86.49666319239623,12,89.37227325212021,1
37.96373679743703,2,84.54391698842574,4,86.4872651013022,0
43.91289389732184,12,64.88511471575563,18,94.14438362594075,1
54.809393958444815,13,64.04799639041907,13,91.69465013379389,1
51.792043411043934,9,63.410916629591014,11,90.41557256207955,1
35.02573969649256,2,67.55178159956807,9,82.92219532337607,0
41.58911934952859,5,73.43335262378235,16,66.51491662706994,0
39.55007084344096,13,71.23070756516829,6,54.77564383542061,1
38.541714179613656,8,63.07610835491527,5,80.98902735189755,1
46.445773459199486,3,59.826702167913865,5,94.03943366020843,0
58.16125810366628,6,55.46537906198923,16,82.6971996799341,0
38.69811728868944,4,60.696639830660644,18,91.7928216174801,0
44.66715518811925,11,81.09818569718237,13,86.19371208299825,1
45.63669707364649,7,64.01462706578657,4,57.340160380250545,0
69.0582611774164,10,72.33826697449587,11,61.21416967660792,1
68.18665427516275,14,76.87814251016005,16,65.38395207930577,1
62.005503310083036,13,87.81311340476947,11,57.57171999521019,1
39.666356832767406,3,87.88763864055652,19,76.17430997028531,0
32.721492563666786,6,82.59214814621028,2,93.8952735860728,1
42.676165508824994,12,56.30080870579455,4,84.26564750462714,1
40.671781977353234,10,76.27760550616036,13,69.05240370803578,1
50.23703200585575,9,84.10358842076573,2,50.20270164411299,1
61.10911640271172,11,55.63965765624444,4,64.09742050121804,1
64.33291755515432,10,75.3383307052934,4,73.70416794614968,1
63.79456341642034,1,86.73727339408309,6,64.59128932333867,0
44.38702244892271,3,72.54177680616388,2,54.99657153607368,0
57.48937373842732,2,55.151929507205594,5,69.92442305878525,0
42.5133679009688,8,55.40749425841748,5,61.396376763457226,1
32.43622172940731,7,70.41553338430877,18,90.91545694076757,0
58.062610624117696,2,60.73532069441992,15,54.57895378254571,0
30.393102102791513,6,79.5846743124506,19,52.21186829261197,0
46.36730349833954,3,81.2255728015277,2,50.23913761196879,0
43.17517077208303,8,61.58155243204326,17,64.7631358018546,0
57.7351015407541,10,87.87573167540594,4,79.71740771903998,1
60.649818910415156,13,71.35059026422026,10,82.86861887968067,1
42.16378543885135,3,60.28529858090118,5,70.39677575217755,0
62.46508057779414,10,83.27730912856764,6,80.794789270487,1
41.75667042019735,14,84.2290565006206,12,66.19613162969135,1
47.85305439946245,9,78.65393248862193,10,80.05127989939777,1
59.08074108056536,1,86.57822546849447,4,51.8268193386068,0
57.716809168991546,5,82.28279996513484,7,67.58388430551518,0
69.494738892488,3,87.64161227739865,12,85.58823549349306,0
39.00644096863728,6,71.05385779396275,10,86.13527137065506,0
56.49271654158329,10,82.66109373967937,16,82.22669504940626,1
54.387276331031096,2,91.99080784687465,4,59.1907379256439,0
66.60393817960119,9,81.82245430822591,2,61.124230351878495,1
36.254485665795,6,59.22479986877389,15,94.82399272690304,0
60.07192654347732,7,74.17779272987977,18,54.652010324088195,0
52.73074465075074,5,76.73186827599204,15,58.12982145060842,0
40.98663479151622,9,61.44579497764147,18,55.85118150425597,0
48.97739656588696,1,90.6269904645874,15,64.7444733657627,0
43.35106388279191,5,61.4964517724808,13,59.45791258552655,0
53.172536111538435,11,61.56964302938924,17,72.39595817964974,1
65.56002443258663,10,88.86118410505853,2,71.42093180960539,1
52.77219937648808,11,72.21260102550183,14,90.56775287530864,1
55.26889673306336,6,57.3379663331571,7,51.56329763501517,0
50.74991388458838,7,77.13293749772555,18,64.39458095004935,0
32.046620257819036,12,77.26757489942277,13,76.84960513986906,1
39.31434227504377,4,57.386528071402786,7,77.21607928297837,0
49.680069177283315,12,90.98333233844549,8,71.60568030563941,1
42.409411349788186,13,75.12910871589929,2,86.70494933665852,1
