player_id,match_num,match_performance
P_2000,1,5.41
P_2000,2,5.8
P_2000,3,5.95
P_2000,4,6.16
P_2000,5,6.06
P_2000,6,5.72
P_2000,7,5.92
P_2000,8,5.95
P_2000,9,6.35
P_2000,10,6.42
P_2000,11,6.51
P_2000,12,6.45
P_2000,13,5.8
P_2000,14,5.95
P_2000,15,6.49
P_2000,16,6.61
P_2000,17,7.02
P_2000,18,6.72
P_2000,19,6.46
P_2000,20,7.01
P_2001,1,5.09
P_2001,2,5.61
P_2001,3,5.67
P_2001,4,5.31
P_2001,5,5.85
P_2001,6,5.83
P_2001,7,5.66
P_2001,8,5.66
P_2001,9,5.96
P_2001,10,5.79
P_2001,11,5.49
P_2001,12,5.65
P_2001,13,5.89
P_2001,14,5.12
P_2001,15,5.47
P_2001,16,5.96
P_2001,17,6.13
P_2001,18,6.09
P_2001,19,6.06
P_2001,20,5.85
P_2002,1,5.5
P_2002,2,5.72
P_2002,3,5.15
P_2002,4,6.12
P_2002,5,5.45
P_2002,6,5.51
P_2002,7,5.96
P_2002,8,5.13
P_2002,9,5.23
P_2002,10,5.64
P_2002,11,5.69
P_2002,12,5.49
P_2002,13,5.47
P_2002,14,5.84
P_2002,15,5.62
P_2002,16,5.55
P_2002,17,5.61
P_2002,18,5.26
P_2002,19,5.97
P_2002,20,4.6
P_2003,1,9.0
P_2003,2,8.89
P_2003,3,8.75
P_2003,4,8.76
P_2003,5,8.75
P_2003,6,9.19
P_2003,7,8.9
P_2003,8,8.76
P_2003,9,9.31
P_2003,10,9.57
P_2003,11,8.58
P_2003,12,9.92
P_2003,13,8.96
P_2003,14,9.05
P_2003,15,9.02
P_2003,16,9.45
P_2003,17,9.13
P_2003,18,9.22
P_2003,19,9.43
P_2003,20,9.73
P_2004,1,8.38
P_2004,2,8.34
P_2004,3,7.98
P_2004,4,7.53
P_2004,5,7.55
P_2004,6,8.43
P_2004,7,8.4
P_2004,8,7.99
P_2004,9,7.76
P_2004,10,7.91
P_2004,11,8.3
P_2004,12,8.32
P_2004,13,8.6
P_2004,14,8.18
P_2004,15,8.26
P_2004,16,8.7
P_2004,17,7.74
P_2004,18,8.5
P_2004,19,8.33
P_2004,20,8.67
P_2005,1,5.89
P_2005,2,5.4
P_2005,3,6.36
P_2005,4,6.26
P_2005,5,6.65
P_2005,6,6.16
P_2005,7,6.6
P_2005,8,6.05
P_2005,9,5.61
P_2005,10,6.44
P_2005,11,6.34
P_2005,12,6.25
P_2005,13,6.88
P_2005,14,7.02
P_2005,15,6.73
P_2005,16,6.69
P_2005,17,6.82
P_2005,18,6.65
P_2005,19,7.06
P_2005,20,6.48
P_2006,1,6.04
P_2006,2,6.2
P_2006,3,6.68
P_2006,4,6.51
P_2006,5,7.08
P_2006,6,6.99
P_2006,7,6.59
P_2006,8,7.1
P_2006,9,6.86
P_2006,10,7.21
P_2006,11,7.4
P_2006,12,7.55
P_2006,13,7.36
P_2006,14,7.86
P_2006,15,7.59
P_2006,16,7.57
P_2006,17,7.52
P_2006,18,7.5
P_2006,19,7.89
P_2006,20,7.88
P_2007,1,5.82
P_2007,2,5.84
P_2007,3,5.72
P_2007,4,6.2
P_2007,5,5.39
P_2007,6,5.63
P_2007,7,5.39
P_2007,8,4.67
P_2007,9,5.31
P_2007,10,5.04
P_2007,11,5.25
P_2007,12,5.21
P_2007,13,5.29
P_2007,14,4.97
P_2007,15,4.96
P_2007,16,5.24
P_2007,17,4.74
P_2007,18,4.39
P_2007,19,4.94
P_2007,20,5.17
P_2008,1,7.77
P_2008,2,7.79
P_2008,3,7.44
P_2008,4,7.68
P_2008,5,7.77
P_2008,6,7.72
P_2008,7,8.16
P_2008,8,7.84
P_2008,9,7.81
P_2008,10,7.25
P_2008,11,7.86
P_2008,12,7.78
P_2008,13,8.23
P_2008,14,7.94
P_2008,15,8.57
P_2008,16,8.79
P_2008,17,8.52
P_2008,18,8.3
P_2008,19,8.75
P_2008,20,9.3
P_2009,1,6.27
P_2009,2,6.23
P_2009,3,6.43
P_2009,4,6.87
P_2009,5,6.66
P_2009,6,6.61
P_2009,7,7.2
P_2009,8,7.08
P_2009,9,6.44
P_2009,10,7.28
P_2009,11,7.17
P_2009,12,7.2
P_2009,13,6.9
P_2009,14,7.05
P_2009,15,6.55
P_2009,16,7.43
P_2009,17,6.9
P_2009,18,6.97
P_2009,19,7.0
P_2009,20,7.83
P_2010,1,8.23
P_2010,2,8.76
P_2010,3,8.51
P_2010,4,8.3
P_2010,5,8.29
P_2010,6,8.44
P_2010,7,8.65
P_2010,8,8.89
P_2010,9,8.61
P_2010,10,8.63
P_2010,11,8.56
P_2010,12,8.5
P_2010,13,8.52
P_2010,14,9.24
P_2010,15,8.82
P_2010,16,8.89
P_2010,17,8.86
P_2010,18,9.0
P_2010,19,9.25
P_2010,20,9.03
P_2011,1,7.67
P_2011,2,7.8
P_2011,3,8.14
P_2011,4,8.42
P_2011,5,7.62
P_2011,6,7.5
P_2011,7,8.03
P_2011,8,8.02
P_2011,9,8.28
P_2011,10,8.26
P_2011,11,8.1
P_2011,12,8.45
P_2011,13,7.95
P_2011,14,8.24
P_2011,15,7.83
P_2011,16,8.2
P_2011,17,7.79
P_2011,18,7.92
P_2011,19,8.78
P_2011,20,7.74
P_2012,1,8.88
P_2012,2,8.26
P_2012,3,8.28
P_2012,4,8.23
P_2012,5,8.53
P_2012,6,8.35
P_2012,7,8.05
P_2012,8,8.55
P_2012,9,8.08
P_2012,10,7.74
P_2012,11,7.74
P_2012,12,8.16
P_2012,13,8.26
P_2012,14,8.51
P_2012,15,8.42
P_2012,16,8.25
P_2012,17,8.53
P_2012,18,8.24
P_2012,19,7.85
P_2012,20,7.78
P_2013,1,6.72
P_2013,2,7.69
P_2013,3,6.96
P_2013,4,6.78
P_2013,5,6.35
P_2013,6,7.37
P_2013,7,7.27
P_2013,8,7.13
P_2013,9,6.94
P_2013,10,7.14
P_2013,11,6.94
P_2013,12,6.72
P_2013,13,7.32
P_2013,14,7.03
P_2013,15,7.23
P_2013,16,7.06
P_2013,17,7.25
P_2013,18,7.13
P_2013,19,7.13
P_2013,20,7.18
P_2014,1,6.56
P_2014,2,5.89
P_2014,3,6.4
P_2014,4,5.6
P_2014,5,5.49
P_2014,6,5.24
P_2014,7,6.02
P_2014,8,5.25
P_2014,9,6.04
P_2014,10,5.17
P_2014,11,5.72
P_2014,12,4.96
P_2014,13,5.28
P_2014,14,5.4
P_2014,15,5.19
P_2014,16,5.3
P_2014,17,5.28
P_2014,18,5.55
P_2014,19,4.66
P_2014,20,5.1
P_2015,1,7.82
P_2015,2,7.71
P_2015,3,7.21
P_2015,4,7.79
P_2015,5,7.67
P_2015,6,8.37
P_2015,7,7.99
P_2015,8,7.96
P_2015,9,8.05
P_2015,10,8.04
P_2015,11,8.09
P_2015,12,7.93
P_2015,13,8.22
P_2015,14,8.39
P_2015,15,8.48
P_2015,16,8.5
P_2015,17,8.72
P_2015,18,8.65
P_2015,19,8.56
P_2015,20,8.08
P_2016,1,6.76
P_2016,2,7.13
P_2016,3,5.85
P_2016,4,6.34
P_2016,5,6.57
P_2016,6,6.29
P_2016,7,6.32
P_2016,8,6.38
P_2016,9,6.22
P_2016,10,6.24
P_2016,11,6.85
P_2016,12,6.6
P_2016,13,6.61
P_2016,14,6.34
P_2016,15,6.63
P_2016,16,6.55
P_2016,17,6.44
P_2016,18,6.04
P_2016,19,6.07
P_2016,20,6.49
P_2017,1,5.98
P_2017,2,6.61
P_2017,3,5.98
P_2017,4,6.24
P_2017,5,5.96
P_2017,6,6.37
P_2017,7,6.3
P_2017,8,5.69
P_2017,9,6.22
P_2017,10,5.64
P_2017,11,5.97
P_2017,12,6.14
P_2017,13,6.69
P_2017,14,6.24
P_2017,15,5.91
P_2017,16,6.05
P_2017,17,6.42
P_2017,18,5.92
P_2017,19,6.47
P_2017,20,5.98
P_2018,1,5.94
P_2018,2,5.75
P_2018,3,6.35
P_2018,4,6.32
P_2018,5,6.39
P_2018,6,6.26
P_2018,7,6.96
P_2018,8,6.28
P_2018,9,5.79
P_2018,10,5.84
P_2018,11,6.14
P_2018,12,5.98
P_2018,13,5.72
P_2018,14,6.04
P_2018,15,6.01
P_2018,16,6.48
P_2018,17,5.7
P_2018,18,5.82
P_2018,19,6.39
P_2018,20,5.98
P_2019,1,5.96
P_2019,2,6.33
P_2019,3,6.59
P_2019,4,6.75
P_2019,5,5.79
P_2019,6,6.48
P_2019,7,6.24
P_2019,8,6.09
P_2019,9,6.03
P_2019,10,5.55
P_2019,11,6.3
P_2019,12,5.69
P_2019,13,5.84
P_2019,14,6.17
P_2019,15,5.48
P_2019,16,5.6
P_2019,17,6.35
P_2019,18,5.99
P_2019,19,5.74
P_2019,20,5.95
P_2020,1,7.62
P_2020,2,7.71
P_2020,3,6.99
P_2020,4,6.96
P_2020,5,7.4
P_2020,6,7.36
P_2020,7,6.72
P_2020,8,6.78
P_2020,9,6.97
P_2020,10,6.98
P_2020,11,6.94
P_2020,12,6.47
P_2020,13,6.84
P_2020,14,6.57
P_2020,15,6.38
P_2020,16,6.68
P_2020,17,6.6
P_2020,18,6.83
P_2020,19,6.28
P_2020,20,6.56
P_2021,1,6.98
P_2021,2,6.99
P_2021,3,6.97
P_2021,4,7.03
P_2021,5,6.63
P_2021,6,6.9
P_2021,7,7.29
P_2021,8,6.57
P_2021,9,7.11
P_2021,10,6.94
P_2021,11,6.57
P_2021,12,6.58
P_2021,13,6.65
P_2021,14,6.84
P_2021,15,6.7
P_2021,16,6.42
P_2021,17,5.92
P_2021,18,6.72
P_2021,19,5.92
P_2021,20,6.07
P_2022,1,6.15
P_2022,2,5.97
P_2022,3,6.29
P_2022,4,5.58
P_2022,5,5.86
P_2022,6,6.06
P_2022,7,6.08
P_2022,8,6.27
P_2022,9,5.79
P_2022,10,5.93
P_2022,11,6.22
P_2022,12,5.41
P_2022,13,6.19
P_2022,14,6.3
P_2022,15,5.68
P_2022,16,5.98
P_2022,17,6.53
P_2022,18,6.28
P_2022,19,6.22
P_2022,20,6.38
P_2023,1,6.93
P_2023,2,7.39
P_2023,3,7.08
P_2023,4,6.9
P_2023,5,7.06
P_2023,6,7.36
P_2023,7,7.18
P_2023,8,7.24
P_2023,9,7.09
P_2023,10,7.88
P_2023,11,7.39
P_2023,12,7.32
P_2023,13,7.39
P_2023,14,7.86
P_2023,15,7.84
P_2023,16,7.56
P_2023,17,7.76
P_2023,18,7.88
P_2023,19,7.63
P_2023,20,7.42
P_2024,1,6.19
P_2024,2,6.2
P_2024,3,6.17
P_2024,4,6.08
P_2024,5,6.07
P_2024,6,5.96
P_2024,7,6.17
P_2024,8,6.57
P_2024,9,6.87
P_2024,10,6.88
P_2024,11,6.59
P_2024,12,7.02
P_2024,13,6.56
P_2024,14,6.31
P_2024,15,7.32
P_2024,16,6.95
P_2024,17,6.38
P_2024,18,7.36
P_2024,19,6.72
P_2024,20,6.83
P_2025,1,7.32
P_2025,2,8.09
P_2025,3,7.95
P_2025,4,7.48
P_2025,5,7.68
P_2025,6,8.24
P_2025,7,7.35
P_2025,8,8.27
P_2025,9,8.14
P_2025,10,8.07
P_2025,11,7.99
P_2025,12,8.58
P_2025,13,8.66
P_2025,14,7.87
P_2025,15,8.27
P_2025,16,8.69
P_2025,17,7.92
P_2025,18,8.26
P_2025,19,8.53
P_2025,20,7.66
P_2026,1,5.85
P_2026,2,5.23
P_2026,3,5.57
P_2026,4,5.81
P_2026,5,4.7
P_2026,6,5.61
P_2026,7,5.94
P_2026,8,5.12
P_2026,9,5.41
P_2026,10,5.6
P_2026,11,4.67
P_2026,12,5.33
P_2026,13,5.37
P_2026,14,5.21
P_2026,15,5.0
P_2026,16,4.63
P_2026,17,5.3
P_2026,18,4.85
P_2026,19,4.52
P_2026,20,4.65
P_2027,1,5.72
P_2027,2,5.13
P_2027,3,5.59
P_2027,4,5.45
P_2027,5,5.96
P_2027,6,4.98
P_2027,7,5.81
P_2027,8,5.94
P_2027,9,4.95
P_2027,10,4.98
P_2027,11,6.01
P_2027,12,5.19
P_2027,13,6.38
P_2027,14,4.9
P_2027,15,5.47
P_2027,16,5.4
P_2027,17,5.33
P_2027,18,5.52
P_2027,19,5.53
P_2027,20,5.31
P_2028,1,7.81
P_2028,2,7.64
P_2028,3,7.78
P_2028,4,7.82
P_2028,5,7.35
P_2028,6,7.73
P_2028,7,7.39
P_2028,8,7.78
P_2028,9,7.47
P_2028,10,7.7
P_2028,11,7.38
P_2028,12,7.69
P_2028,13,7.19
P_2028,14,7.48
P_2028,15,7.75
P_2028,16,7.59
P_2028,17,7.49
P_2028,18,7.97
P_2028,19,7.72
P_2028,20,7.66
P_2029,1,8.43
P_2029,2,7.85
P_2029,3,8.33
P_2029,4,8.18
P_2029,5,8.01
P_2029,6,8.14
P_2029,7,8.28
P_2029,8,8.0
P_2029,9,8.57
P_2029,10,8.33
P_2029,11,8.43
P_2029,12,8.86
P_2029,13,8.54
P_2029,14,9.01
P_2029,15,8.43
P_2029,16,8.31
P_2029,17,8.6
P_2029,18,7.89
P_2029,19,9.05
P_2029,20,8.52
P_2030,1,7.93
P_2030,2,7.74
P_2030,3,7.24
P_2030,4,8.22
P_2030,5,8.03
P_2030,6,8.41
P_2030,7,7.6
P_2030,8,7.32
P_2030,9,8.04
P_2030,10,7.66
P_2030,11,7.89
P_2030,12,8.17
P_2030,13,7.78
P_2030,14,7.69
P_2030,15,7.69
P_2030,16,7.11
P_2030,17,7.92
P_2030,18,7.92
P_2030,19,7.71
P_2030,20,7.07
P_2031,1,7.73
P_2031,2,8.27
P_2031,3,7.94
P_2031,4,8.15
P_2031,5,7.82
P_2031,6,7.98
P_2031,7,8.1
P_2031,8,7.66
P_2031,9,8.08
P_2031,10,7.2
P_2031,11,7.84
P_2031,12,8.19
P_2031,13,8.38
P_2031,14,8.19
P_2031,15,7.65
P_2031,16,8.39
P_2031,17,7.75
P_2031,18,8.28
P_2031,19,7.78
P_2031,20,7.89
P_2032,1,7.08
P_2032,2,7.25
P_2032,3,7.06
P_2032,4,6.57
P_2032,5,7.07
P_2032,6,6.43
P_2032,7,6.65
P_2032,8,6.77
P_2032,9,6.72
P_2032,10,6.32
P_2032,11,7.19
P_2032,12,7.23
P_2032,13,7.38
P_2032,14,7.01
P_2032,15,6.51
P_2032,16,6.47
P_2032,17,6.42
P_2032,18,7.12
P_2032,19,6.45
P_2032,20,6.83
P_2033,1,6.79
P_2033,2,7.25
P_2033,3,7.39
P_2033,4,7.79
P_2033,5,7.47
P_2033,6,7.16
P_2033,7,7.88
P_2033,8,7.57
P_2033,9,6.94
P_2033,10,7.86
P_2033,11,7.97
P_2033,12,7.63
P_2033,13,7.88
P_2033,14,8.2
P_2033,15,8.16
P_2033,16,7.65
P_2033,17,8.55
P_2033,18,8.75
P_2033,19,8.14
P_2033,20,7.78
P_2034,1,6.45
P_2034,2,7.01
P_2034,3,5.94
P_2034,4,6.21
P_2034,5,6.45
P_2034,6,6.94
P_2034,7,7.68
P_2034,8,6.74
P_2034,9,6.23
P_2034,10,6.66
P_2034,11,6.59
P_2034,12,7.09
P_2034,13,7.04
P_2034,14,6.67
P_2034,15,6.78
P_2034,16,6.98
P_2034,17,7.06
P_2034,18,7.18
P_2034,19,7.26
P_2034,20,7.67
P_2035,1,5.5
P_2035,2,5.81
P_2035,3,5.94
P_2035,4,5.32
P_2035,5,5.72
P_2035,6,6.15
P_2035,7,5.98
P_2035,8,5.88
P_2035,9,5.93
P_2035,10,5.55
P_2035,11,5.49
P_2035,12,6.07
P_2035,13,5.92
P_2035,14,5.42
P_2035,15,5.07
P_2035,16,5.39
P_2035,17,5.75
P_2035,18,5.37
P_2035,19,5.65
P_2035,20,5.96
P_2036,1,8.57
P_2036,2,8.03
P_2036,3,8.11
P_2036,4,8.56
P_2036,5,8.34
P_2036,6,8.36
P_2036,7,8.32
P_2036,8,8.6
P_2036,9,8.42
P_2036,10,8.42
P_2036,11,8.64
P_2036,12,8.75
P_2036,13,8.93
P_2036,14,8.08
P_2036,15,8.98
P_2036,16,7.9
P_2036,17,8.81
P_2036,18,8.03
P_2036,19,8.19
P_2036,20,8.2
P_2037,1,6.84
P_2037,2,6.68
P_2037,3,7.0
P_2037,4,7.45
P_2037,5,6.85
P_2037,6,7.17
P_2037,7,6.6
P_2037,8,6.43
P_2037,9,6.91
P_2037,10,7.27
P_2037,11,6.76
P_2037,12,6.91
P_2037,13,7.07
P_2037,14,6.57
P_2037,15,6.5
P_2037,16,6.65
P_2037,17,6.66
P_2037,18,6.01
P_2037,19,6.48
P_2037,20,6.35
P_2038,1,6.5
P_2038,2,6.35
P_2038,3,6.79
P_2038,4,7.0
P_2038,5,6.58
P_2038,6,6.36
P_2038,7,6.36
P_2038,8,6.73
P_2038,9,7.02
P_2038,10,6.71
P_2038,11,6.83
P_2038,12,6.09
P_2038,13,6.34
P_2038,14,6.63
P_2038,15,5.86
P_2038,16,6.04
P_2038,17,6.48
P_2038,18,6.24
P_2038,19,5.83
P_2038,20,5.59
P_2039,1,6.93
P_2039,2,6.61
P_2039,3,7.1
P_2039,4,6.5
P_2039,5,7.62
P_2039,6,6.98
P_2039,7,7.05
P_2039,8,6.67
P_2039,9,6.89
P_2039,10,6.92
P_2039,11,7.51
P_2039,12,7.11
P_2039,13,7.18
P_2039,14,7.2
P_2039,15,7.25
P_2039,16,6.67
P_2039,17,7.72
P_2039,18,6.87
P_2039,19,7.14
P_2039,20,7.64
P_2040,1,7.08
P_2040,2,7.3
P_2040,3,7.35
P_2040,4,7.39
P_2040,5,7.0
P_2040,6,7.78
P_2040,7,7.48
P_2040,8,7.26
P_2040,9,7.36
P_2040,10,7.62
P_2040,11,7.16
P_2040,12,7.88
P_2040,13,7.72
P_2040,14,8.15
P_2040,15,7.74
P_2040,16,7.43
P_2040,17,7.43
P_2040,18,7.71
P_2040,19,7.77
P_2040,20,7.72
P_2041,1,5.77
P_2041,2,5.56
P_2041,3,5.94
P_2041,4,5.68
P_2041,5,6.17
P_2041,6,6.02
P_2041,7,5.91
P_2041,8,5.82
P_2041,9,5.46
P_2041,10,6.36
P_2041,11,5.76
P_2041,12,6.02
P_2041,13,6.12
P_2041,14,5.99
P_2041,15,6.48
P_2041,16,5.74
P_2041,17,6.65
P_2041,18,6.36
P_2041,19,6.11
P_2041,20,6.14
P_2042,1,6.76
P_2042,2,6.92
P_2042,3,7.25
P_2042,4,7.48
P_2042,5,6.95
P_2042,6,6.93
P_2042,7,6.72
P_2042,8,6.36
P_2042,9,6.69
P_2042,10,6.81
P_2042,11,7.16
P_2042,12,7.03
P_2042,13,6.94
P_2042,14,6.7
P_2042,15,6.28
P_2042,16,6.29
P_2042,17,6.37
P_2042,18,6.78
P_2042,19,7.17
P_2042,20,7.16
P_2043,1,6.75
P_2043,2,6.19
P_2043,3,6.78
P_2043,4,6.08
P_2043,5,6.29
P_2043,6,7.19
P_2043,7,6.7
P_2043,8,6.61
P_2043,9,7.21
P_2043,10,7.3
P_2043,11,6.86
P_2043,12,7.13
P_2043,13,7.15
P_2043,14,6.32
P_2043,15,6.81
P_2043,16,7.57
P_2043,17,7.09
P_2043,18,7.56
P_2043,19,7.54
P_2043,20,7.88
P_2044,1,7.21
P_2044,2,6.97
P_2044,3,6.94
P_2044,4,7.23
P_2044,5,7.33
P_2044,6,7.13
P_2044,7,7.12
P_2044,8,6.92
P_2044,9,6.92
P_2044,10,6.79
P_2044,11,6.85
P_2044,12,7.16
P_2044,13,7.17
P_2044,14,6.55
P_2044,15,6.64
P_2044,16,6.67
P_2044,17,6.85
P_2044,18,6.34
P_2044,19,6.56
P_2044,20,6.38
P_2045,1,6.83
P_2045,2,6.73
P_2045,3,6.99
P_2045,4,7.03
P_2045,5,7.77
P_2045,6,7.66
P_2045,7,7.23
P_2045,8,7.56
P_2045,9,7.87
P_2045,10,7.46
P_2045,11,7.32
P_2045,12,7.28
P_2045,13,8.28
P_2045,14,7.92
P_2045,15,8.14
P_2045,16,7.96
P_2045,17,7.83
P_2045,18,7.96
P_2045,19,7.96
P_2045,20,8.69
P_2046,1,6.62
P_2046,2,7.27
P_2046,3,7.56
P_2046,4,7.52
P_2046,5,7.27
P_2046,6,7.26
P_2046,7,7.38
P_2046,8,7.81
P_2046,9,7.72
P_2046,10,7.43
P_2046,11,7.47
P_2046,12,7.5
P_2046,13,7.38
P_2046,14,8.16
P_2046,15,7.57
P_2046,16,8.0
P_2046,17,7.71
P_2046,18,7.82
P_2046,19,7.98
P_2046,20,8.23
P_2047,1,6.39
P_2047,2,6.07
P_2047,3,6.37
P_2047,4,6.09
P_2047,5,6.73
P_2047,6,6.14
P_2047,7,5.97
P_2047,8,6.72
P_2047,9,6.3
P_2047,10,5.76
P_2047,11,5.74
P_2047,12,6.08
P_2047,13,5.9
P_2047,14,6.1
P_2047,15,5.59
P_2047,16,5.95
P_2047,17,5.02
P_2047,18,5.6
P_2047,19,5.41
P_2047,20,5.41
P_2048,1,7.74
P_2048,2,7.44
P_2048,3,7.8
P_2048,4,8.43
P_2048,5,7.64
P_2048,6,7.97
P_2048,7,8.4
P_2048,8,8.15
P_2048,9,8.51
P_2048,10,7.57
P_2048,11,8.1
P_2048,12,8.61
P_2048,13,7.88
P_2048,14,8.54
P_2048,15,8.17
P_2048,16,8.38
P_2048,17,8.64
P_2048,18,8.4
P_2048,19,8.11
P_2048,20,8.46
P_2049,1,7.09
P_2049,2,7.44
P_2049,3,7.75
P_2049,4,7.26
P_2049,5,7.64
P_2049,6,8.2
P_2049,7,7.23
P_2049,8,7.39
P_2049,9,7.31
P_2049,10,7.19
P_2049,11,7.32
P_2049,12,6.98
P_2049,13,6.81
P_2049,14,6.52
P_2049,15,6.83
P_2049,16,7.17
P_2049,17,6.58
P_2049,18,6.9
P_2049,19,6.75
P_2049,20,6.56
