player_id,stamina_score,pass_accuracy,distance_covered_km,speed_max_kmh,key_actions_count,performance_rating
P_1000,68.72700594236812,67.03505129586755,6.355351153623154,29.435950901551266,46,9.85
P_1001,97.53571532049581,80.59223600037761,6.222809191647999,31.54358375225333,25,10.0
P_1002,86.59969709057026,93.17194176330352,12.15629122468933,22.257954279472482,41,10.0
P_1003,79.93292420985183,87.82454568356333,6.245915798645555,28.62285969331898,31,10.0
P_1004,57.80093202212183,90.64932361873508,6.447547535157679,27.719681713443727,33,9.77
P_1005,57.79972601681013,85.03376793500726,10.834584361761674,32.158116405400605,24,10.0
P_1006,52.90418060840997,86.3065094516784,8.04765858205486,33.40348002818143,29,10.0
P_1007,93.30880728874675,92.26943475948212,10.99039501259663,18.206665115115577,10,10.0
P_1008,80.05575058716045,69.48738433664907,4.5882954180794675,29.458338623999474,40,9.54
P_1009,85.40362888980228,78.59814861843934,8.388140743060458,18.88120858503539,6,8.73
P_1010,51.029224714790125,68.40595878914489,4.302522401649544,27.33059730631505,26,7.97
P_1011,98.49549260809971,97.53138430387258,4.563878831098191,22.88975639374253,36,10.0
P_1012,91.62213204002109,95.8742549080913,12.157937080099698,23.2152021918764,20,10.0
P_1013,60.61695553391381,61.498218832003225,5.2532083400583565,24.00029455869006,22,7.78
P_1014,59.09124836035503,86.81185655559617,8.791786140476955,28.56197163384337,9,9.36
P_1015,59.17022549267169,95.1594360617953,7.699860423406359,23.678849416369076,40,10.0
P_1016,65.21211214797688,66.86186311483867,7.126089936329584,30.455883860034767,34,9.55
P_1017,76.2378215816119,81.58191876099991,12.098500111185452,24.876965554755785,49,10.0
P_1018,71.5972509321058,94.7885553083456,4.196410570979405,19.162004405269297,23,8.61
P_1019,64.5614570099021,61.289947186260356,9.9741071755803,31.323917322229825,27,9.84
P_1020,80.59264473611897,86.50197015537992,12.670549907921954,22.857891518076002,38,10.0
P_1021,56.97469303260209,71.29926228015692,9.041513651156578,25.357036953187464,17,8.89
P_1022,64.6072324267609,95.12705542430815,12.431402158297827,29.652546014772327,47,10.0
P_1023,68.31809216468459,96.90021331628398,4.470320913574214,23.651754671528103,33,9.43
P_1024,72.8034992108518,95.88212658631049,7.769139871667452,18.961956154494164,40,10.0
P_1025,89.25879806965068,78.02014023298362,6.34142011865846,24.35665779921783,26,9.54
P_1026,59.98368910791799,92.75762073759391,10.577388684826568,34.055625905803154,40,10.0
P_1027,75.71172192068059,92.09287714433268,12.83167381447522,28.90948475407549,13,10.0
P_1028,79.62072844310212,72.1258179832437,6.30877056199823,29.415145527342517,43,10.0
P_1029,52.32252063599989,91.49878801772574,9.88757141326667,28.74879661183988,23,10.0
P_1030,80.37724259507192,61.40629011918872,5.782878694837661,21.382866362310427,42,9.0
P_1031,58.526206184364575,82.65825538231802,9.087972291144489,25.11167568973876,10,9.04
P_1032,53.25257964926398,68.74033581693271,8.175392380195026,30.76597657217641,19,9.0
P_1033,97.44427686266667,64.5815416595366,12.748047966683833,19.723339258403705,24,10.0
P_1034,98.28160165372796,62.92422166190995,9.4767454542682,22.72349719352511,13,9.37
P_1035,90.41986740582306,86.4589734833693,7.145557348781369,22.697424843919514,36,10.0
P_1036,65.23068845866854,72.91524862318651,5.0268620639914,25.344321769106603,8,7.79
P_1037,54.883605700319194,87.54113731809294,5.361221458614411,34.66626859601715,22,9.43
P_1038,84.21165132560785,62.48354095035981,6.027852369561115,19.147543293624974,9,7.69
P_1039,72.00762468698007,71.98103283756319,6.258699952062682,26.817916904470117,24,8.99
P_1040,56.10191174223894,80.5006691102628,11.65554452057024,21.04919959420758,27,9.9
P_1041,74.75884550556351,90.04748026388062,9.051005094542724,34.50150127196565,15,10.0
P_1042,51.71942605576092,72.11259511141866,8.710518202369297,19.926159580366892,41,9.23
P_1043,95.4660201039391,83.78387230460635,5.032919846822957,24.86121704014705,26,9.61
P_1044,62.93899908000085,93.66715443297511,11.741257240144915,30.544044742188305,8,10.0
P_1045,83.1261142176991,83.40280115092757,10.505328728876353,29.97742527646657,33,10.0
P_1046,65.58555380447055,68.85246004063808,4.6090152571000145,25.18638682719685,48,9.14
P_1047,76.00340105889055,60.92722969914845,10.370515875067918,23.89091085519621,38,10.0
P_1048,77.33551396716399,93.06375720823533,8.891843956083815,24.7594104353988,17,10.0
P_1049,59.24272277627635,60.80823761231471,4.735528111721004,22.492696473696867,46,8.43
P_1050,98.47923138822793,93.23866356199957,8.124705773757908,21.4906599580156,13,10.0
P_1051,88.75664116805572,80.09961109303406,8.362266584170424,26.21167485850113,46,10.0
P_1052,96.97494707820945,95.68457254349005,5.491970861469482,22.565073853149325,35,10.0
P_1053,94.74136752138244,90.35376295939929,12.51128332300254,22.886848303253252,11,10.0
P_1054,79.89499894055426,97.92149620026683,11.649778343325957,29.16485307906747,8,10.0
P_1055,96.09371175115584,73.32704898716499,10.021201035961976,34.465134638898164,23,10.0
P_1056,54.424625102595975,89.15315497938282,8.160660049005465,28.261832409509374,46,10.0
P_1057,59.79914312095726,75.2733747171512,7.705889874260577,19.308650940104428,34,8.96
P_1058,52.2613644455269,78.23527357154853,9.858761204358586,19.284921435519138,35,9.45
P_1059,66.26651653816322,83.84520760229806,8.908886824662149,34.174194754374625,39,10.0
P_1060,69.4338644844741,93.19973033908087,4.560457952936971,23.05394343522467,25,8.98
P_1061,63.567451588694794,97.39517182957321,8.612523838932985,19.565138763402082,35,10.0
P_1062,91.43687545759647,89.1943897268517,11.257632555095554,28.183757981556486,23,10.0
P_1063,67.83766633467947,75.87513772235869,8.133158898372622,28.602029230934523,35,10.0
P_1064,64.04672548436903,76.01156608652866,4.467609197988415,29.024581942017697,36,9.14
P_1065,77.13480415791243,88.02812746037787,11.076503794456297,22.545834473578203,6,9.82
P_1066,57.04621124873813,69.07353153919549,5.8122740392237695,18.256881631646074,14,7.32
P_1067,90.10984903770199,64.198016298993,6.3275875139923485,34.40526128072602,6,9.07
P_1068,53.727532183988544,73.47564199034952,5.482357180890663,22.26518177674874,6,7.31
P_1069,99.34434683002587,70.9150816828551,6.971935583843478,29.492446896893306,28,10.0
P_1070,88.61223846483287,71.25970857732763,10.810763551197716,30.012707787938062,21,10.0
P_1071,59.93578407670862,68.87709453989658,8.674472735535435,28.370126090351256,36,9.79
P_1072,50.27610585618012,61.599541206181755,5.843931467356413,23.31942570163202,20,7.54
P_1073,90.77307142274171,60.67920951986972,11.900470703368367,22.608636313989116,20,9.98
P_1074,85.34286719238085,97.5334508099692,11.916236694563763,28.160360805945952,43,10.0
P_1075,86.45035840204937,76.25537908196277,11.835205825414063,32.72362577139876,35,10.0
P_1076,88.56351733429729,74.6044125920679,6.149165902433854,34.094473391697726,47,10.0
P_1077,53.70223258670452,85.82659674233665,8.061154097628894,19.800398674863878,28,9.07
P_1078,67.92328642721363,68.29364773887244,12.864906905267876,20.632086414161236,5,9.16
P_1079,55.79345297625649,96.09852499010856,10.948112286789915,34.060516399312355,15,10.0
P_1080,93.15517129377967,89.88111054779098,4.244506791030038,30.521098881691472,25,9.98
P_1081,81.1649063413779,63.397618087865865,4.586841321344428,33.01089502210614,8,8.36
P_1082,66.54490124263246,75.86806947982728,8.175382391310995,21.444754780300833,11,8.52
P_1083,53.177917514301186,93.40649568736225,12.182981852754041,27.988959808859832,30,10.0
P_1084,65.54911608578311,95.8998168470736,8.848316181574429,29.91937310509705,16,10.0
P_1085,66.25916610133736,77.76125742749505,8.480312572308613,29.561902052598533,35,10.0
P_1086,86.4803089169032,83.3096327900069,4.949263299609675,24.938578744733867,21,9.15
P_1087,81.87787356776066,66.34728995149885,9.911020942518647,18.261713158752244,37,9.79
P_1088,94.36063712881634,97.6644077932051,11.39892844540203,27.90974296567247,15,10.0
P_1089,73.61074625809746,68.80352465257084,7.423780067568061,22.302726166053347,32,9.17
P_1090,55.97971229691508,95.82380741713477,10.980506658327947,25.654322184429134,36,10.0
P_1091,85.66223936114974,84.68657266171,12.680289885107305,34.27887725642489,5,10.0
P_1092,88.03925243084487,83.09399820539664,5.833898132149201,24.78360039992139,32,9.83
P_1093,78.06385987847482,79.48216341862732,8.709966680752672,32.27662731329525,46,10.0
P_1094,88.54835899772806,68.76545284527484,6.58424162276118,21.205190297737268,11,8.4
P_1095,74.68977981821953,66.70806521620932,11.135689771304554,29.43182846642549,6,9.58
P_1096,76.1366414690997,68.37847594466666,9.198340292930418,34.60911822546204,46,10.0
P_1097,71.37705091792748,67.08465396148168,9.711241757952735,19.732182714839926,28,9.26
P_1098,51.27095633720476,89.62420999553663,11.181227436543047,18.141439017862265,8,8.99
P_1099,55.39457134966522,73.30475984833575,7.563734253962094,25.370907474754443,48,9.79
P_1100,51.57145928433671,62.19802170940906,12.23581061566339,19.57463321187324,23,9.01
P_1101,81.82052056318902,96.82589994535084,8.797259805215258,30.722533944495932,30,10.0
P_1102,65.71779905381634,93.58386362861017,5.4215934055181325,33.5473272854255,15,9.56
P_1103,75.42853455823514,95.2545867614181,10.263092063519222,25.3783565360489,44,10.0
P_1104,95.37832369630465,97.80649726056454,11.13935215394429,22.398097916642495,47,10.0
P_1105,62.464611457443745,66.60801947034052,6.8508550936077395,25.384856423112367,15,8.24
P_1106,70.51914615178148,75.05719671830103,11.714613312988778,30.298612903450017,49,10.0
P_1107,87.77755692715243,88.81306207675547,12.155289292891897,18.153920746866305,7,10.0
P_1108,61.43990827458112,86.4487834860441,6.49214038640028,28.020717821239852,16,9.07
P_1109,53.84899549143965,65.84804444091449,12.851693254436999,28.425958643085444,7,9.42
P_1110,64.4875726456884,91.00165874964347,5.266403752438826,28.840700197230902,46,10.0
P_1111,58.06106436270022,68.5287417297931,5.81814101562241,22.114375359674913,31,8.31
P_1112,96.48488261712865,68.50506936325968,5.658023553142235,30.138896297428154,6,8.88
P_1113,90.40601897822086,80.40502806994971,12.045907390070834,19.5536552676402,20,10.0
P_1114,81.67018782552117,82.53171752398472,9.888632970924657,21.387595719935614,6,9.35
P_1115,93.57302950938589,82.04327589783682,5.368938549000456,32.91699079312619,34,10.0
P_1116,90.18360384495573,63.476499821114686,7.962910765315141,30.55829356235163,24,9.87
P_1117,59.32850294430179,93.34351277995445,9.537682225628219,18.23367441819287,42,10.0
P_1118,94.62794992449889,70.09280161837083,4.75117676490445,22.222396426286604,32,9.06
P_1119,76.96711209578254,64.92156700874656,11.94174731566605,21.644910210883797,29,10.0
P_1120,90.37200775820313,93.77242703502114,11.232431818973817,22.603707576628533,36,10.0
P_1121,94.80456499617466,96.31475693273063,8.546860962189744,22.208516094758068,14,10.0
P_1122,65.90017374859319,92.76084945608713,12.704139537332534,19.06294702762838,46,10.0
P_1123,55.50259622638384,90.76161083954537,7.759848813475897,25.801988782145948,44,10.0
P_1124,61.39675812709709,84.89919526428282,12.85699287132848,30.456469071364808,37,10.0
P_1125,71.35538943131282,80.93258008314729,10.011279989232644,28.31443932019642,17,10.0
P_1126,90.90073829612466,63.30549687663358,9.712041459285473,29.438818366167357,45,10.0
P_1127,93.03652916281717,75.52122209668656,5.493594057662065,19.379536035116065,46,9.73
P_1128,50.34760652655954,74.16216364646793,11.937349824741796,34.17534207300538,41,10.0
P_1129,75.53736512887829,69.8706437828924,7.847407191285536,32.254361175331425,20,9.68
P_1130,70.87055015743894,87.48996432016622,5.460100652042314,31.686535414426267,49,10.0
P_1131,61.105390523536514,78.84327793299329,4.113467679781832,31.99072468571005,26,8.91
P_1132,55.99326836668414,63.07975620449062,9.037801152745443,33.856078638256946,24,9.54
P_1133,66.8807585701814,68.36696167409283,8.746596599104087,27.25231742393286,47,10.0
P_1134,97.14548519562595,85.96383301906465,10.474182601322427,21.40479430374964,31,10.0
P_1135,66.16014660103777,62.89297266063141,12.01232247716022,28.4853213334932,45,10.0
P_1136,75.9395310871683,92.34586273385321,4.714659261787266,30.628985392354963,20,9.56
P_1137,85.15094794475888,78.81556802653103,10.583468413063262,30.544595687018433,38,10.0
P_1138,68.1814801189647,78.26228993841262,5.68670749687824,26.864633410836962,36,9.45
P_1139,98.58910413604804,82.51149581706167,11.723593478414475,19.163798228670828,30,10.0
P_1140,98.12236474710556,91.33787670515567,11.371571624754905,24.308919953312174,29,10.0
P_1141,62.58911479126821,73.21674990028333,8.8671437948699,33.65303234387707,6,9.28
P_1142,74.86242529461927,85.76461379724441,10.392185187609805,27.93563146587624,16,10.0
P_1143,65.04391549083849,81.49781463184006,6.829151018653736,27.151643035347128,44,10.0
P_1144,64.24202471887338,70.14707426643801,8.240511090395332,22.57050974449729,13,8.45
P_1145,51.84434736772664,93.387939481496,11.394732079394245,24.263631638581842,16,9.99
P_1146,80.47821669899484,90.30218882106327,8.133386774558925,33.22088351560387,30,10.0
P_1147,75.13395116144308,85.02116971702017,7.220184387928976,29.32987180795621,13,9.53
P_1148,52.57393756249947,92.3221057055812,8.447912025252698,31.385579454789656,14,9.73
P_1149,63.93232321183057,92.95717963647249,11.454243271934965,25.72387219215014,36,10.0
P_1150,95.41329429833269,86.91779311517132,7.016872426337855,28.714202730754685,38,10.0
P_1151,61.978094533348624,91.80650647781954,5.563854338221694,22.22252134863453,24,8.89
P_1152,57.24474360456115,86.50391554343278,10.408126182977027,29.992834114819267,43,10.0
P_1153,74.47263801387815,85.84534932689141,11.433803914372735,25.269222672956733,6,9.99
P_1154,99.28252270553003,83.507232372177,4.9057373067118,25.523273751850674,5,8.87
P_1155,62.10276357557502,88.60323230319037,6.158867014803502,29.03847951780699,40,10.0
P_1156,83.60677737029393,66.0269940011368,5.277747907848945,33.916770564971756,28,9.55
P_1157,88.08098076643589,93.47308884955928,7.131472704239499,19.088107892346557,31,10.0
P_1158,61.881877199619986,93.13005405431882,8.053158810148714,32.02063503489913,6,9.62
P_1159,86.41081743059297,61.11139675531325,10.739437032669759,22.970512877007284,35,10.0
P_1160,68.38915663596266,91.38103652146098,9.860328263935067,25.546630726608424,18,10.0
P_1161,81.61529152967897,64.89705496399091,9.588357107305882,18.372526589175152,6,8.42
P_1162,81.67648553804473,72.73451646184739,7.171374519486889,23.11778332318332,33,9.55
P_1163,76.78873420373793,88.2533137390811,11.57302797776284,26.544731124712218,19,10.0
P_1164,54.51448850272041,66.10887604983571,8.241584506583482,18.954993314906464,16,7.89
P_1165,91.7651247794619,91.08274691652437,12.81194444213639,26.34862739951381,41,10.0
P_1166,66.0390032485868,91.6210987623942,9.707279244661631,33.76088069059327,32,10.0
P_1167,59.32592551999271,79.28377388291177,5.136382674080524,19.79168470783269,24,8.09
P_1168,52.0387570777382,60.24266312523967,10.085598058678906,30.995492377283576,43,10.0
P_1169,79.5446471594121,70.90744906064668,6.925936138885291,24.964407907391873,28,9.32
P_1170,83.87821809211411,83.44322289827821,10.176944770174877,29.137953146913745,25,10.0
P_1171,50.829391446392805,97.28507476504208,4.626770333461652,22.424022165748898,14,8.19
P_1172,75.60465291496405,84.00891402663339,5.573932934583635,20.71136846320309,18,8.6
P_1173,61.3247887598969,69.87253608043807,11.701635330152076,20.72786444261085,41,10.0
P_1174,82.25863952047249,84.09221671778523,6.044616013211634,19.198363075933457,22,8.93
P_1175,58.718321450249576,80.51944442920251,11.53337012718646,21.15599398332113,28,9.98
P_1176,84.5468869051233,89.63412501574345,6.513484796089694,29.291729544812462,18,9.94
P_1177,69.33676731502686,64.06526427542443,9.785937190528369,32.98874040133964,38,10.0
P_1178,96.83649943683673,88.91906029507706,10.24735516158848,31.84013665504975,16,10.0
P_1179,56.87604720729966,80.5681299896922,8.613892778305477,29.64728326786623,26,9.81
P_1180,67.05331755251292,96.5936961466418,6.747796090270581,19.877341677988746,10,8.73
P_1181,55.67367606202946,72.99114230947006,5.913799387339865,22.91618658703115,40,8.86
P_1182,96.23468091392814,84.03963193909003,4.2987041910618355,23.266716880481972,49,10.0
P_1183,93.86696766904905,95.41706800938067,6.7355176111665145,22.24926808875956,40,10.0
P_1184,62.89708138575778,63.89536966364581,9.878465114781548,26.755096215065294,26,9.46
P_1185,82.99920230170895,95.61468251498513,12.444743366036343,27.104414852954434,18,10.0
P_1186,90.8611100100608,86.1396574474309,11.840840340367468,24.067061577908873,20,10.0
P_1187,77.76004057997312,62.577808245996536,10.894582988817724,24.014415698519414,40,10.0
P_1188,76.48252891780032,71.43661554397902,11.096026089279688,32.08544516440338,29,10.0
P_1189,62.092614545022585,86.9105393685207,9.984864131283956,31.417978421434654,36,10.0
P_1190,54.65513839029496,62.55932285581333,6.342581718094027,23.232529138572676,37,8.48
P_1191,94.86078789766634,82.12247748669839,12.16475527635247,33.53440354584541,49,10.0
P_1192,95.02090285816652,73.14355616421236,10.036590807152507,34.19785528904261,40,10.0
P_1193,81.65507286366339,83.59478967516412,9.043965678823959,23.554623214510695,24,10.0
P_1194,66.95148955243504,61.73819728487549,4.99890522292133,24.025224129481934,22,7.89
P_1195,67.46047873063304,93.11839863379029,8.023499894257828,26.5957806081733,42,10.0
P_1196,86.29778394351197,96.99258082874108,8.143224440817336,33.99905381307245,7,10.0
P_1197,94.85551299762886,96.81735850085627,11.78107248570403,32.897430363419296,27,10.0
P_1198,94.35432121325587,88.48676960623114,8.919833981690097,19.743655363921025,36,10.0
P_1199,88.99377729288119,64.94327712496401,7.423604940733687,24.676422635614074,49,10.0
P_1200,82.10158230771438,88.81400144530286,12.791202956595933,27.407310225746123,20,10.0
P_1201,54.206998249752445,60.93430282543446,4.996485339936841,26.553252033376182,9,7.22
P_1202,58.08143570473069,60.84069495810189,7.802935854807501,21.295672154927175,8,7.56
P_1203,94.92770942635397,72.29718832768256,4.378222076542648,32.59988510985863,25,9.61
P_1204,80.3214529829795,78.56844123537729,10.659137086902373,29.507993310946233,44,10.0
P_1205,50.45985258083148,89.27548187669615,12.262688969792356,32.24444237248066,18,10.0
P_1206,55.073577143301605,85.9652243110472,6.520335965954405,32.59899274894103,43,10.0
P_1207,83.1750884554028,76.94430284231643,11.725075091192089,30.722049512317575,35,10.0
P_1208,50.253079192310935,70.3978133187033,6.62996407415708,25.466580221245195,18,8.14
P_1209,58.04040257087493,97.89073100599302,12.196931454795237,28.379294835262215,10,10.0
P_1210,77.4366894683293,76.19488948496698,10.785657132371055,20.726211904035633,16,9.6
P_1211,84.59475988463467,77.15270692452766,11.244160991572947,29.45197209707343,20,10.0
P_1212,82.59806297513003,66.21770520528342,4.16205900040409,21.04730534756777,21,7.95
P_1213,61.21346547302799,90.20276285249732,12.665293213666233,29.797143038672665,49,10.0
P_1214,85.6089610673768,86.35992457969657,10.54003892863291,21.903168732817466,27,10.0
P_1215,61.862454374840006,68.38924528597289,6.7427598584752,19.998372102553738,18,7.95
P_1216,66.26998490796339,63.13047973340202,11.464551983729622,20.809836332430276,11,8.84
P_1217,87.32457025590121,85.85897347883909,6.53369078573437,18.033866298724195,36,9.7
P_1218,82.48164495236074,84.87142614268313,11.85478455609515,30.218573503510015,19,10.0
P_1219,92.4611705247089,70.38386202593196,5.013223513707433,30.450817833992446,48,10.0
P_1220,82.88064461501716,96.1328153655156,10.333173797147161,26.753866948525413,21,10.0
P_1221,78.41543016677358,65.74019988767421,8.866286289804194,20.743167617941523,45,9.94
P_1222,54.683738391404624,76.42872243961887,4.868810231758967,19.420423737681727,48,8.73
P_1223,68.38579015297168,95.85740496636876,6.17704445432955,18.32519242943388,38,9.59
P_1224,63.26011838408627,75.94963804319265,4.111636326495833,20.81771900840875,9,7.29
P_1225,62.19948216895418,84.26398601123525,8.218911689180553,33.144544094713495,49,10.0
P_1226,98.65052773762227,75.10858712258619,6.711387346840003,22.10612630892859,31,9.78
P_1227,69.65488623333802,70.42017768924946,9.38521735867983,24.022612562692665,27,9.55
P_1228,94.60232775885567,97.39115062247348,6.675140269377555,19.790873236182662,44,10.0
P_1229,81.55693129986315,75.55469223997163,6.699272003562863,21.780142180718894,18,8.82
P_1230,89.74056517708243,93.9757697398071,10.68873878858443,26.826817703263487,19,10.0
P_1231,75.1318546552596,68.73827502386128,4.433285523805181,28.331795612626095,47,9.54
P_1232,78.84519423131795,68.09797875295317,12.126054956727884,22.17098934082559,37,10.0
P_1233,74.6258846909432,61.18309514961143,11.670374869520632,18.981446706826993,35,9.84
P_1234,59.76214938990223,84.76333936428364,10.010242149037659,24.647558775165777,39,10.0
P_1235,86.12260576307526,74.00400106150292,9.338994130966459,21.981457305747682,21,9.68
P_1236,64.03861812204279,92.8456134939062,12.03072248325687,21.732416694906632,32,10.0
P_1237,51.21579832157269,77.98197645427916,5.667971615758431,34.31766764612874,23,9.09
P_1238,82.27361479535838,96.79135026075943,4.7107224597174575,28.47710826073731,27,9.98
P_1239,58.85553397035245,67.0499695967186,6.155591529185843,27.46693353392563,36,8.99
P_1240,97.02292921764572,93.00768038231321,11.151204508301714,25.068176759896474,44,10.0
P_1241,97.69642885012937,89.51068040608618,4.3120324005383495,25.29205366831245,17,9.36
P_1242,95.74321951102243,89.29503009647398,9.245261515751407,27.195385065247372,24,10.0
P_1243,68.50793501277222,92.10176266844172,12.95893764572179,29.839306719613823,39,10.0
P_1244,50.77283082644337,88.91891165583397,11.701264844537855,29.9364836350911,9,10.0
P_1245,96.41592812938626,83.79637222199378,8.693011201392306,20.918796430992643,13,9.71
P_1246,71.40920741586572,64.98730535193073,4.572768183579781,26.501916785302658,33,8.64
P_1247,98.33274095218349,61.23599482066757,11.482361629471388,25.003287615579733,10,9.87
P_1248,98.18099885446264,94.9922182169961,9.390806573594894,32.79895842657953,29,10.0
P_1249,92.650472773368,83.43271195178805,5.034396973536102,28.734121660712397,35,10.0
P_1250,64.72244460347929,90.2684170570947,4.8447155634102055,27.052569129071692,26,9.19
P_1251,69.25488643009626,78.2978493574769,12.186641374929332,19.961708917041594,6,9.36
P_1252,92.55683357584284,64.457711180571,10.022802366442706,28.295844118497996,49,10.0
P_1253,65.84610025781389,64.75706010369692,11.4635811938508,19.99246639656397,9,8.74
P_1254,58.474637334304624,86.0514809147009,11.910810102540406,23.732511784617785,31,10.0
P_1255,77.84006312291751,76.35162400617958,9.1459511684349,20.428313401843642,29,9.7
P_1256,96.80773870803904,67.61993961461279,8.657017165795372,29.76525199941427,12,9.81
P_1257,84.80148983374865,78.6805927761746,7.873846692888912,21.506285935214596,5,8.76
P_1258,78.50305850446824,62.4399396088551,6.852519290120074,24.661609344196442,24,8.79
P_1259,54.85882468853843,82.11491327274715,7.911363647728406,33.22647121951924,48,10.0
P_1260,80.75036133495848,70.22174936853371,10.964916901571407,21.473378517782496,27,10.0
P_1261,99.50269250521316,90.30724582421315,9.417310879136185,26.632686087299245,36,10.0
P_1262,57.0042007618262,71.7937544390958,12.032709609593615,25.127618239822375,15,9.56
P_1263,75.91648261818683,77.29836566510845,7.99042012941269,18.308108697777406,43,9.79
P_1264,93.86865359639776,60.44158051650783,9.463806208468785,31.476887930737817,28,10.0
P_1265,87.03843088771022,62.752981736193234,9.6817679778279,19.173780407348197,15,8.93
P_1266,84.8507870497634,74.91475514345402,9.32527446075693,26.06233535660821,33,10.0
P_1267,85.12420419935546,78.23767571925069,10.323703957769647,27.531531013962148,30,10.0
P_1268,67.97455756098776,82.80078082853353,6.136901215373257,28.68324976244798,20,9.23
P_1269,64.67959221322467,71.08317799095352,8.611273997912116,29.706737698233887,39,10.0
P_1270,90.46805777392568,86.40931167280861,4.9380232252751295,22.305630519886158,24,9.26
P_1271,90.50566973395904,92.68465109318977,7.460601948803313,18.16963920319364,7,9.11
P_1272,93.35361592900519,89.63433757794729,8.38900361759138,30.298542260033503,5,10.0
P_1273,95.66202762782356,61.50551536323757,9.870018335909252,27.106162188908836,5,9.38
P_1274,75.56711994304689,78.2592639957975,12.55477947327583,32.21400095452323,21,10.0
P_1275,75.07581473435998,63.98734677989064,9.405859598935203,31.963602169311805,6,9.27
P_1276,89.91475894833876,69.19771060277604,10.692345245589038,32.33654485239401,33,10.0
P_1277,82.49819653888827,97.49317854415156,8.556394535456825,26.246609219652182,24,10.0
P_1278,85.09834386288517,65.4148306302575,9.706936282386982,23.671682729226717,10,9.14
P_1279,89.78963347180505,78.95774983115153,4.6383899452039605,31.45648944405329,12,9.16
P_1280,94.50026709087831,83.48991790408853,6.2895242275766226,25.671999921497335,33,10.0
P_1281,66.89975784257679,86.69366888067594,7.256677838846248,21.118517338858386,37,9.69
P_1282,68.7791476319972,81.26664997250273,8.252440195058622,32.53455833254506,7,9.51
P_1283,54.69909699204345,60.37129220192898,4.410838709521453,33.003517905129904,39,8.78
P_1284,78.9140070498087,72.40552971327169,5.260216877979859,25.92726585438289,9,8.26
P_1285,51.797113689837104,79.67304244861904,6.491328770121752,19.286895364266385,31,8.49
P_1286,73.27990090662301,63.33892696750367,12.743794218109455,24.59304352858783,48,10.0
P_1287,77.13223173537884,73.32382338594887,6.982123063927457,31.660140210864256,16,9.41
P_1288,64.32706260641422,61.26171813407193,8.338369523008744,33.330158485285885,24,9.46
P_1289,79.54166302845053,62.985982891890785,5.764879414645536,21.45903662245913,49,9.31
P_1290,51.52501249695247,75.08308449566064,9.497020639681914,19.138551404429617,24,8.78
P_1291,51.86740943746072,65.0431986536363,6.526148939643768,32.91495770325825,13,8.36
P_1292,91.13002803298292,81.5665522339392,5.862933205945841,24.61988396264088,43,10.0
P_1293,68.00953207056314,86.1996688272161,8.649153656013812,27.209936392548578,8,9.38
P_1294,56.35302563259424,90.42229456614515,4.049552192443787,34.4571188048629,23,9.26
P_1295,76.11216300274022,67.60570928130278,4.068976293843028,19.13160037454179,42,8.5
P_1296,88.49967765493054,66.36433812584465,5.97161928191672,29.021406126685626,31,9.59
P_1297,60.791051374842155,63.97357793270721,4.3304922625073905,19.25979218377274,49,8.34
P_1298,81.14452379095002,84.18434948265819,4.972231787176223,24.382971783930508,47,10.0
P_1299,54.2673732496884,86.84607760650225,7.049745844048765,31.664847268288597,17,9.37
P_1300,52.58408605843039,61.2002735033744,11.223271116218315,25.369027956845784,17,8.97
P_1301,76.5677315784074,95.5760653572602,9.148437790323708,34.95210001635016,26,10.0
P_1302,77.03175608050532,61.97490877875595,8.614009533607748,27.504007844092236,32,9.73
P_1303,81.87149507491033,80.56926074144067,6.641399408873095,23.45975659481121,49,10.0
P_1304,86.30456668613309,86.94429973913482,12.385783474895348,21.741892540380803,26,10.0
P_1305,98.79260397312673,93.09682670235125,7.573135371134725,23.958849082864752,47,10.0
P_1306,75.81501741505977,87.13530342103226,4.783834901161944,24.333065653912364,23,9.01
P_1307,66.1478236470623,90.46566715665209,9.553598645060212,19.168132521307335,12,9.22
P_1308,89.75930973843518,72.89910731662663,5.024545541289413,24.282761390255143,12,8.47
P_1309,63.54161256310371,90.96335432236746,7.107008285215229,25.892054835566825,46,10.0
P_1310,71.9485710352818,63.044364162617654,8.56670744846028,30.28654178805968,30,9.77
P_1311,53.922819067113295,94.00303293030005,11.868002722166583,29.164401240267335,30,10.0
P_1312,51.267537170772876,80.80851029384198,8.441919223061067,30.049016138895624,27,9.7
P_1313,98.13242073389625,91.05731525857476,10.320328894284978,18.142182591906572,47,10.0
P_1314,91.79900602561028,77.18809481169541,12.935351550991633,21.700345792869115,17,10.0
P_1315,84.7987103046849,84.45595241746796,5.1834020790818345,29.24863290279756,32,9.99
P_1316,70.44764722071349,80.0033011155723,6.472583729675676,26.2278192590557,13,8.8
P_1317,58.66471600354229,87.80040182670261,7.551184680378817,18.09032908636188,24,8.83
P_1318,57.8218521335543,63.101939317162405,7.796453606849482,31.67640892134098,23,9.06
P_1319,62.512144908229764,62.29337919164142,7.699189677389912,31.137762745935735,43,9.88
P_1320,77.46133323530603,69.38992289238557,12.168499023008994,27.323125770890563,16,10.0
P_1321,85.72979613500311,66.06269784430116,10.426293800201709,19.129876538196626,19,9.35
P_1322,83.00986883588656,93.12777553050367,9.471146926816335,31.03075584205394,35,10.0
P_1323,63.99669484729714,68.33013151960569,6.784354460765039,27.923130991433187,18,8.64
P_1324,97.7432640331597,97.082879721127,11.414113457991652,31.293319611685305,15,10.0
P_1325,86.89484583478843,72.80204008730206,12.5955446033649,30.779698870729288,30,10.0
P_1326,77.71770262557004,66.92048079617058,11.390784542952039,31.65103522328323,46,10.0
P_1327,80.5860373117176,90.00854327141421,4.014085946723256,26.80613712887862,31,9.55
P_1328,70.9800031213895,85.0308954690333,9.727612331650663,20.385516809289754,15,9.41
P_1329,62.386549475057876,78.93143722521928,4.460218432978906,29.409677047454707,42,9.47
P_1330,67.79863393256308,81.10381493562998,6.318464983003497,28.5480543458835,38,9.92
P_1331,87.89230552321845,87.32966757434602,4.535722303129945,30.61830418238448,47,10.0
P_1332,50.719674431487796,68.68128017058935,9.43415907654449,20.8879771028625,23,8.62
P_1333,55.80363202534581,97.86068881015619,10.17930922143346,21.314578398304917,10,9.47
P_1334,52.30013210108764,97.04214016157776,5.030388742593146,33.136961792728584,42,10.0
P_1335,52.03644011594851,84.7123760811836,7.454549947404815,30.7496225736852,46,10.0
P_1336,92.77302920055035,67.58261313530751,8.10612858059988,33.43988430790549,32,10.0
P_1337,85.18289296900119,85.84867321238907,7.321477195848249,30.898160459786652,5,9.64
P_1338,73.70869145436626,62.74353954120868,5.089225004366737,28.151640201835132,39,9.12
P_1339,54.89170803255007,61.16479508382063,7.770530111687279,29.120256529473853,44,9.55
P_1340,74.58079375584163,69.79194976342612,10.760602430275764,33.11517470698017,12,10.0
P_1341,73.67358853902829,77.57967235609402,4.6390689807992995,27.839714826702988,11,8.38
P_1342,58.66009349550076,92.99435520551846,4.721620126737131,28.750652513582587,15,8.8
P_1343,71.69258246189865,87.6324246511197,7.192941626523858,20.66010417206121,43,10.0
P_1344,69.92523671986868,88.22284780559929,12.475531404570326,26.056660741973744,8,10.0
P_1345,80.79250490261083,76.16874670902686,10.017153820506227,30.178750903287682,29,10.0
P_1346,81.75468254338219,73.1455297167846,10.108029610053084,22.60602587137821,16,9.58
P_1347,52.265200488602225,74.0994729934149,7.257279917540785,21.438321068917094,30,8.63
P_1348,68.73063073132356,97.5306834219702,9.342947120876847,23.335055739815065,42,10.0
P_1349,81.29299578571182,61.52414927367433,4.091180656249691,22.10551067587817,16,7.62
P_1350,75.15681292900439,92.94719685265304,9.724864417685879,21.65351482961873,47,10.0
P_1351,92.82449205941612,81.98966552575095,12.21958252818613,25.22246432875748,41,10.0
P_1352,82.93468158094726,76.66738592920444,9.513161215103374,33.43325473602008,28,10.0
P_1353,58.14672135407149,87.55979109577518,11.863287341197106,26.62001399455821,20,10.0
P_1354,53.52843737002149,78.49341977413872,10.515757499194844,21.19464647386049,17,9.09
P_1355,82.12096391031578,93.1900830471031,5.085025747633212,19.308518379474858,29,9.29
P_1356,51.32556552708109,94.22667083242783,12.122079765572575,29.834654467344727,8,10.0
P_1357,79.28877906367316,76.0253952211913,4.597994599201974,24.507578995418594,15,8.35
P_1358,97.01151207124788,70.51945629493196,8.805707252929874,31.971126091951106,36,10.0
P_1359,78.77370889379395,82.50931248654777,5.2792341141411185,29.211683066893094,11,8.95
P_1360,69.4084963103261,94.66980713343426,4.105359496578137,31.536104659203264,15,9.2
P_1361,82.16441092211767,68.00516318221533,7.798308341148751,22.62308267011363,32,9.47
P_1362,72.91264452457582,83.67273017541234,6.655366368887407,29.770101681837986,45,10.0
P_1363,77.28083946579675,83.99928836351577,8.374004444178427,22.48905373979322,27,9.84
P_1364,97.07324043882626,87.85829485178067,9.194798980610958,33.96416415065496,49,10.0
P_1365,69.30513189003871,64.99957203483588,4.3936516507805266,28.818362786067365,27,8.49
P_1366,98.05952819119571,87.20134865791937,5.107029656113711,23.516700602980816,32,9.94
P_1367,95.26753209780318,94.54323578529436,9.027781568053829,22.581701658968633,47,10.0
P_1368,59.78955673946482,66.82795813706919,7.088506178553924,21.24575194621794,30,8.51
P_1369,53.46806504375827,69.02664634710735,10.562561387945031,29.80889630119337,29,9.94
P_1370,55.038900068871335,96.9130135735823,9.870624837327457,21.718165420964766,33,10.0
P_1371,50.91109128257749,66.87712420296062,11.610439266909161,28.120155520767312,23,9.69
P_1372,54.72214803779642,92.466633548044,10.232435440023028,22.498795457731074,37,10.0
P_1373,84.15033867081785,78.70655854502533,7.869379696511333,29.253472061495764,40,10.0
P_1374,53.55943242301145,69.39478082732073,10.05669960154989,31.853975385189166,18,9.55
P_1375,65.94878151468806,93.08849624835543,6.478430568298767,31.226429133459103,18,9.74
P_1376,92.24376554847274,76.92159969010129,6.756821489003914,30.93447262582329,39,10.0
P_1377,51.163596786791295,79.56305944932822,11.10086643928714,21.191280896768284,34,9.89
P_1378,90.72342412944678,73.65086803719109,8.01777564761424,19.50254409873682,32,9.69
P_1379,64.09273873867,82.53213235452725,11.185423064665173,29.882130084285556,21,10.0
P_1380,55.90824138108281,66.21390715823087,11.401801363014506,24.261902634503972,7,8.79
P_1381,84.83685826820754,74.8610983927669,11.718061038951554,25.349885848856903,20,10.0
P_1382,81.4471423389942,96.83766824874093,12.249717122570866,18.52953457748765,34,10.0
P_1383,93.87360067635265,69.80907044264285,7.878866984619666,22.412799637675835,33,9.87
P_1384,86.75355219019428,84.9559932525691,6.869801364890249,18.57249886586589,49,10.0
P_1385,90.17404651924244,72.35722244053841,9.239788719347025,32.94615813422121,19,10.0
P_1386,64.10172862856533,89.39197877609082,7.340551810938648,22.137743614715017,29,9.5
P_1387,58.87197718898614,64.97319910729729,9.409667501202097,27.47473188274114,42,9.98
P_1388,87.53073758204292,96.85319971298469,10.350272763794422,18.662648451239217,46,10.0
P_1389,90.3417369633632,77.2440025725783,10.195645166429232,29.336405652196188,42,10.0
P_1390,99.52525710003366,68.96991760716563,7.370975983181092,23.491464877819595,27,9.7
P_1391,70.63088384557133,62.79287639854048,5.501741815288775,33.26462617828032,29,9.16
P_1392,68.60090428963916,66.45080039332655,7.874764046159868,33.098009211878605,46,10.0
P_1393,88.82064803709984,79.75141004512867,5.283347296737179,23.52994051214971,11,8.66
P_1394,67.0401770126509,72.80612070438887,12.010873316654274,33.316335226737955,26,10.0
P_1395,96.53786628017824,91.49756790353916,7.112897146640717,34.934680449479245,21,10.0
P_1396,92.9206375921506,76.37372589914862,5.3901377250099145,32.03206629010712,22,9.79
P_1397,71.44970136875092,69.45114235832993,4.229029839151758,32.362812911838894,45,9.66
P_1398,87.54355338957487,83.45150949095314,9.812401476578358,22.23314851385453,14,9.9
P_1399,87.72714370423412,86.85753424164695,9.732120857092688,27.803940780581858,14,10.0
P_1400,55.15619344179663,66.34759250023609,7.065437499231625,19.143350537445254,11,7.44
P_1401,95.12764533397834,66.36953021895607,4.645406999628859,19.613604925968385,42,9.11
P_1402,75.26261862239286,61.39351422347463,7.686660054057088,34.98117440456594,31,9.99
P_1403,91.32287330538708,87.98327657249433,6.800957455570542,23.552867240240488,37,10.0
P_1404,66.00248005153058,85.22457204962859,10.094085757615083,30.71912650483039,5,9.81
P_1405,94.77616142481003,78.03597327849293,9.452013245074212,31.71330590145588,48,10.0
P_1406,69.46008393670816,92.0784770608295,7.28134355377786,32.586395607122896,38,10.0
P_1407,50.54188257401492,90.61546581210202,5.961032988294911,34.95968105583666,8,9.04
P_1408,95.26909882096318,82.24346584707658,12.892323695400327,22.105440249366755,21,10.0
P_1409,54.56433383930668,92.99430865950383,8.086014590765034,18.685964056614896,8,8.46
P_1410,65.96568187952074,67.8219659813972,10.194468122022133,24.990255805907964,47,10.0
P_1411,97.50309835254025,64.25294553711366,5.264976708205247,20.211371387092097,30,8.82
P_1412,97.5303573468778,70.2504852376456,8.37030729693458,18.381240115754938,8,8.78
P_1413,78.67189440616431,62.169300531393965,4.24783047882519,24.127256061405262,5,7.33
P_1414,81.59186060848997,80.18444206403922,8.54909606119405,31.32355026827902,11,9.93
P_1415,72.42227609891599,95.59101630720853,12.67615666405932,27.625071750826205,34,10.0
P_1416,64.66053858490322,61.49505454540336,7.457860416872202,23.31722581657602,13,8.02
P_1417,66.4332272684958,64.64017673238102,4.3509641131742045,29.123814093376232,39,8.9
P_1418,83.62592280385192,77.18356307477055,4.278602118274092,21.944309065249783,12,8.1
P_1419,87.618726471884,95.48725066606039,7.4918808395218255,18.244484583225447,28,9.99
P_1420,89.57895218629243,72.01393198911651,5.440224428168746,30.994007569419267,23,9.52
P_1421,89.48090713972769,79.27492273015892,4.210168866953673,28.603632442688152,40,9.95
P_1422,54.560305152434516,61.5797686439149,10.80592252555159,30.95914461651632,47,10.0
P_1423,74.72101523512907,65.63704163655937,8.126707079937017,18.661946283690316,31,8.93
P_1424,52.877938000832216,97.49194467243618,6.603202947753891,32.23103367312109,36,10.0
P_1425,77.47644411618677,96.67451046456972,12.100748647148327,28.531945400617154,18,10.0
P_1426,72.07652506866884,60.18771927550757,5.0452506418047305,27.57772096211488,22,8.26
P_1427,94.38520913791498,96.16884784608308,12.603269460597874,28.618438817947037,32,10.0
P_1428,67.54575062760394,84.28655763698902,6.825700456396175,32.69536519676219,33,10.0
P_1429,55.853350821380296,92.98089519176084,11.995633050778132,27.977920611501418,20,10.0
P_1430,57.149584102641796,77.28011451408665,9.426485888315154,27.876156458099047,39,10.0
P_1431,88.07553158587362,79.5926490860115,11.440366237673388,34.84154567011802,35,10.0
P_1432,80.91090316581305,78.57617004976296,12.856118468894179,30.864412840165656,8,10.0
P_1433,55.05613380613951,85.34084178675197,6.5956489403687115,25.5189946926693,41,9.69
P_1434,54.20534030574987,65.30674768073989,12.650219368668337,30.02574900055977,21,10.0
P_1435,85.048456572956,61.13899641516176,7.505337054121783,24.616918018760405,43,9.83
P_1436,53.638150318209675,71.70133778046525,7.4696071426323005,21.890882862219485,30,8.67
P_1437,91.09300296451781,86.77786898399258,7.063483938290551,28.14648190709191,43,10.0
P_1438,85.31211135782482,67.67043118067204,8.872668466128268,33.77909566793718,45,10.0
P_1439,54.06743903209499,85.59043246634685,5.387305388606384,33.79537184026287,8,8.72
P_1440,54.241885704259595,96.85665775207627,8.9834033682221,23.812389727793335,34,10.0
P_1441,99.33197892505876,63.5682271999979,8.875343311690036,26.970516925768813,34,10.0
P_1442,68.71353978780601,85.5588804925548,10.85711631344383,21.597810275687642,26,10.0
P_1443,68.53210735334454,76.8625083335737,11.50284965743827,34.92572886148102,15,10.0
P_1444,90.63997836287513,92.9894056663452,7.963972152811817,34.67900443375491,6,10.0
P_1445,97.36242886919294,66.73169199900066,6.720999244163444,29.041651805026603,48,10.0
P_1446,99.30005319114355,86.31978618459425,6.33401407585385,31.675039014517047,16,10.0
P_1447,87.66890926294708,91.84838100662819,5.751614530343847,30.1567027418229,34,10.0
P_1448,68.81297927654579,95.8953403400129,4.518828239791224,28.083689723670958,40,10.0
P_1449,54.17503583493344,85.96342507500654,7.08203180951242,18.90691594881126,22,8.53
P_1450,88.85734579637185,78.89264103232024,6.432229229177049,25.730993823395238,30,9.85
P_1451,77.92021248679025,83.47819512764613,12.697756472797666,29.471367136845977,11,10.0
P_1452,71.21110046234881,93.01838941019129,9.019379436250397,29.518037436022638,5,9.85
P_1453,95.3177192547368,81.68317037227553,7.125493351274568,24.34308451318052,30,10.0
P_1454,55.559874115307565,61.1547082684798,9.224208408943264,34.008763773186516,27,9.64
P_1455,74.63125521454296,95.37605042926515,5.252770312111259,20.84506954802528,30,9.38
P_1456,50.567682238370956,86.20201653919932,7.996393742819826,26.50611058566453,49,10.0
P_1457,73.43303209970631,85.70750865953536,9.636108892789576,29.745027601363986,10,10.0
P_1458,52.815163784091865,68.19565579111325,8.400080486132062,29.851308700160757,10,8.6
P_1459,55.9408958134036,85.03764786884098,7.616009205888918,29.026862265069866,48,10.0
P_1460,55.87631233885524,74.96684741485802,12.944635500097284,22.679899628681625,12,9.55
P_1461,82.46051510580318,84.7468531275767,11.922832859340343,20.655511667672574,28,10.0
P_1462,87.30224396327117,64.05053515170364,9.61065362343496,28.810985556054085,26,10.0
P_1463,79.16843825485799,84.99812157491537,9.124396250640544,28.18813597437044,23,10.0
P_1464,98.10862742372709,97.97772157928533,9.585944318421257,21.049052174917097,41,10.0
P_1465,68.7435289761852,61.83205747670113,5.811808970401899,29.987365474699576,22,8.61
P_1466,64.28560431409304,97.13261900041006,7.5562396893788675,25.737923859472158,35,10.0
P_1467,93.42995640947302,75.46250250746908,4.355135796018094,29.3519300572536,41,10.0
P_1468,61.17979192597263,93.08863111281585,8.27991433738144,32.23524035609256,34,10.0
P_1469,98.16112697203056,89.7306483942144,8.887221255618968,20.885383285807695,46,10.0
P_1470,50.60772373449082,81.54661791749338,6.049747624928886,18.325462755946223,37,8.58
P_1471,98.49394133538195,88.06106995155041,12.676259624489624,31.244743968728375,14,10.0
P_1472,52.1579955975288,93.38359132945122,12.185091498435177,28.364856227594473,41,10.0
P_1473,94.55715568490356,75.35733222273925,10.499289119103153,29.89387268357607,16,10.0
P_1474,76.385055454315,72.42726013940307,8.800479658888264,32.24863457480692,34,10.0
P_1475,99.64823980596502,85.36854865141622,11.829722436829165,31.647785892016508,31,10.0
P_1476,53.68982823676994,90.69814579376782,5.175871094411166,34.33564249779002,43,10.0
P_1477,77.69271422006604,88.9668351215114,11.114588148473965,27.110896340486008,13,10.0
P_1478,98.46512678095495,90.3169186566281,5.123387325701635,26.30442575521839,25,10.0
P_1479,76.15489220850745,76.55216596289145,11.147895962944649,24.83208239814241,16,10.0
P_1480,81.46993190676312,91.07770021465082,6.481908114262213,20.612747728351476,33,9.81
P_1481,84.78743444923086,64.56794410408313,11.8938152291637,27.734322958994383,37,10.0
P_1482,72.72705323838866,80.69058572251228,12.49637884442858,22.70921291354164,47,10.0
P_1483,81.37790400420317,60.21882909892862,5.33916372464604,33.66222770762058,19,8.93
P_1484,79.21571559615501,72.33426153621028,8.164080445588542,27.91424367271066,6,9.03
P_1485,95.05790052454944,73.92553832511312,12.828886403464166,28.078283068637873,43,10.0
P_1486,52.272319017072896,75.0545622811517,8.35066692375832,24.03371923490917,48,9.86
P_1487,64.04815947961151,86.42775385421476,11.771927702630906,18.883818983621026,22,9.96
P_1488,97.52057420382793,74.76520784827314,9.29858369918188,18.539644011340805,7,9.14
P_1489,94.51318919454582,77.05035765965616,7.377969171276417,25.196697450604358,11,9.36
P_1490,72.78283763928565,69.02667697322444,6.572051999732832,19.437611427653042,47,9.31
P_1491,81.00662989007684,74.18356808191493,5.829007819774786,28.316398244182366,22,9.22
P_1492,63.86905914905663,68.63624583599976,10.856183722399276,32.976541095874175,48,10.0
P_1493,59.40605798618807,62.78144510320086,7.478864561407251,33.00955188081828,42,9.87
P_1494,73.18492024699911,82.93104654849236,8.601479159806761,29.20377197224795,41,10.0
P_1495,67.66761140130264,85.39208634509062,8.430929320010637,21.590941135039827,37,10.0
P_1496,79.1828055925436,83.54063314836534,9.195511263098181,32.67094613310083,48,10.0
P_1497,53.88673184824924,77.61277366442175,11.79019431062097,33.06358840032454,35,10.0
P_1498,98.71974038330833,74.43185964681074,12.826654092250864,21.343110944200298,15,10.0
P_1499,99.31053722398013,92.80667868372936,7.668257877164352,30.536243458101513,8,10.0
P_1500,84.90808570098726,79.72510783517629,11.447670298956726,22.87083233176109,22,10.0
P_1501,76.80481831720601,78.20891134992978,10.880750151892459,31.644885309999804,8,10.0
P_1502,65.47638081431639,60.974398500644554,9.16176056310016,34.95304429836125,38,10.0
P_1503,90.68975098534743,72.96741744979394,12.604424292507398,18.51044209059968,33,10.0
P_1504,84.23655862769397,74.44743351386256,5.804270639755625,33.255219718445844,28,9.94
P_1505,58.130846967244565,75.15526567408222,4.983377892786593,28.584719071177187,26,8.66
P_1506,95.54635922469213,82.04655003063863,11.6856577025988,34.547504525801955,6,10.0
P_1507,91.12686214615846,80.27689677562138,7.952348349703735,25.90516179794927,48,10.0
P_1508,97.4899956645962,83.1003935261509,11.622719687863544,32.40559481971336,10,10.0
P_1509,86.28597541941801,89.06556393860087,12.037811846758734,19.060699166170714,46,10.0
P_1510,80.6707597967895,90.89345807121155,4.562118342571643,23.69974385133103,29,9.39
P_1511,70.91215181453094,87.28867689660679,11.951182866874547,19.13928114177057,25,10.0
P_1512,96.63642416770065,96.30990044628751,8.0348714983248,34.5808332691442,20,10.0
P_1513,93.30319447502042,60.69283814170174,8.59389240103809,31.888556423621225,35,10.0
P_1514,52.26093350530947,67.43956345597475,9.639332599838891,32.4933061611815,18,9.4
P_1515,51.3183487248626,60.2873892491694,12.33744346057078,33.9454089343762,43,10.0
P_1516,68.82316834390248,84.6040391378749,4.172044849867876,19.446759264036352,32,8.56
P_1517,90.52766653909165,94.1251608600995,8.291591214860354,24.555159072726667,36,10.0
P_1518,99.36380646574722,69.25232726989937,10.189498381875046,19.207593113748036,32,10.0
P_1519,57.52084455517641,95.22731270225965,10.504362619284056,21.583482726350486,13,9.64
P_1520,79.70653576760675,62.29016083100331,10.232791883833972,21.89921820964043,49,10.0
P_1521,69.04454283155107,95.50856901860953,5.209916164673096,25.974822587808838,26,9.49
P_1522,98.49571989073016,73.3616621151061,6.694560295345131,22.565556846711925,36,9.95
P_1523,92.10594615678544,63.853991481070224,7.228439728753122,19.716627815901937,9,8.28
P_1524,91.91643523555689,78.46312684908037,11.239934869115544,20.84734851459983,27,10.0
P_1525,73.43465798974852,69.75750957337931,6.508838851730977,20.503684580385546,9,7.9
P_1526,70.74097511688326,70.82517027455307,5.896344674804828,34.54230556450907,46,10.0
P_1527,63.670353596535314,71.6770186671989,12.617032171342865,30.90797261761405,36,10.0
P_1528,52.81877483254635,90.5149841176412,4.07976956602122,34.45194490958255,14,8.82
P_1529,93.23611881275266,80.48812851365967,12.980387701137804,25.475588270634447,43,10.0
P_1530,90.64505045650388,71.82969256792813,10.091391689716561,22.732264188265162,19,9.88
P_1531,99.98588366430653,83.1926837658149,11.456223695042054,31.570984352556174,11,10.0
P_1532,99.83184185369527,87.21372562048136,6.6515745671157385,23.546316606699495,33,10.0
P_1533,77.77158528013138,70.35971202787428,4.12883749900354,23.08951735299092,7,7.57
P_1534,88.44937075902553,75.71486585796336,10.64082566705377,21.95260186753313,23,10.0
P_1535,97.23828649412141,64.631671546804,11.507301373006083,20.204542629812,14,9.75
P_1536,92.48236953387058,66.88367528231785,10.664285187581672,22.359872037285022,32,10.0
P_1537,62.36740508715988,85.88247845066934,5.285652585707547,24.040435724056092,33,9.13
P_1538,72.52720676550467,66.89465721243383,10.780851300312722,29.457901538477415,19,9.97
P_1539,56.45797075757475,79.95620857934829,10.920305038968769,19.063602317730677,39,10.0
P_1540,97.70255136293612,86.94375794545245,9.926864641030495,21.57861797431083,10,10.0
P_1541,80.308731722544,64.06132307760026,10.895043395160275,31.7534018849585,16,10.0
P_1542,61.43214027517314,81.55786434589834,11.613292957099588,20.497672700924102,42,10.0
P_1543,83.58503422029284,69.74938578065182,9.522437028137126,23.824967490882866,17,9.5
P_1544,80.90641202289478,96.59122125902803,4.7974424257271115,32.69920167158838,33,10.0
P_1545,67.90813590164203,78.37473457535714,8.388650287004898,20.633730289438525,23,9.11
P_1546,55.67787960998145,90.627716891456,4.698844012044446,19.406526205509227,7,7.57
P_1547,83.57865977963998,80.90860860193794,7.667887279291877,26.237145916360184,12,9.42
P_1548,76.01538504518966,61.649676248483125,7.663958402130649,23.14113169173512,12,8.31
P_1549,88.61591958678196,84.05975227257285,4.594088597262174,27.57794219622552,24,9.47
P_1550,76.00817505559966,96.15332700385297,7.139384805725314,31.664683138219075,8,9.9
P_1551,92.609075015927,82.8612491655606,4.998982889121834,20.331524298596634,25,9.09
P_1552,77.59534193872427,91.12917665821803,11.274116890083,27.871884437422842,7,10.0
P_1553,78.04689857676931,93.5998456072395,12.529192233680236,26.593648926627687,49,10.0
P_1554,93.83268013291726,68.66703133405943,4.6508482773214475,20.449339362224393,12,8.03
P_1555,70.17414331061985,68.05770391651261,12.596036865625313,28.6079742539927,27,10.0
P_1556,56.70076142253204,83.2172775763377,8.703189394030707,22.65188710363312,20,9.12
P_1557,51.43913381566695,75.61908185265477,6.696091101584865,26.293183415248212,17,8.39
P_1558,87.75686278368096,91.91472950893538,4.691758677485471,19.398629512710052,7,8.42
P_1559,81.01547756767323,94.20087868912442,8.50561841263376,25.812928972631592,13,10.0
P_1560,85.20398840496118,73.43001241350329,11.150639900416738,23.209878956727945,18,10.0
P_1561,60.64820807544554,69.00108124103032,10.363778295400284,31.980480590151025,17,9.76
P_1562,56.818573779338486,89.65996957926674,4.452034103175764,18.96863835895526,11,7.63
P_1563,50.7272332833941,70.44262935082918,4.656116518311132,25.11632367361161,19,7.67
P_1564,67.52937794032985,91.25934410351978,7.625859543693734,25.79333421023445,11,9.29
P_1565,79.49588434273166,76.10205363865299,6.65761444643149,30.32510329708502,42,10.0
P_1566,69.61220225498661,85.36689617307587,6.09145890750443,27.762888776533586,38,9.99
P_1567,71.87374610118646,63.63034192571739,6.5290404901784225,29.342609732301078,45,9.8
P_1568,95.20793472468742,83.70665433770978,11.23134468967196,31.209837856079854,26,10.0
P_1569,67.41277335116501,77.1671717920147,12.363052482686685,32.65745055218921,28,10.0
P_1570,75.69947445799053,82.29112160066802,7.645924250748098,23.335883444281997,41,10.0
P_1571,89.18265063705715,66.38453989430481,12.154999019192473,27.14638599118635,48,10.0
P_1572,69.8271391160635,88.00120230787891,6.893461311230938,32.2818373334664,5,9.33
P_1573,81.10433501139367,92.78628894664269,8.287932877094125,34.82066922640596,14,10.0
P_1574,93.11818543733726,68.23611240344948,6.034260980343998,33.12182828774397,47,10.0
P_1575,97.47603118288211,63.637153109766146,9.764284379582595,24.314943464614405,20,9.85
P_1576,57.3536740464519,60.89826626976078,12.81083003657328,21.317830792717057,12,8.95
P_1577,96.32938125807472,84.3949170168441,9.431437864390407,26.31967313591201,29,10.0
P_1578,74.6058146539769,83.06957337137366,7.22032675702194,30.607904681212716,16,9.67
P_1579,62.91221941494792,80.77450168313466,9.830357013914755,26.373674202806058,29,10.0
P_1580,72.95678781191307,68.81398965240706,5.106286106188488,26.214074676332366,21,8.45
P_1581,99.00162876427385,74.85442784440956,11.997931722388588,32.24991715839061,30,10.0
P_1582,74.63090469964348,82.59010073707458,8.527755557018526,24.14386424414217,18,9.54
P_1583,66.43758051437541,78.87714063664843,8.04414767835678,32.616509471797976,45,10.0
P_1584,81.67004271583629,97.53584976816572,9.272783096081673,24.9156816161793,40,10.0
P_1585,62.00728093890965,65.18471059715586,9.623054765104623,23.57996279653177,27,9.2
P_1586,53.7931664054332,86.41549305380856,4.645982256038617,25.717828490394883,47,9.47
P_1587,56.44398609553246,75.3641131879631,10.143554991010621,30.96159829747276,10,9.46
P_1588,56.40229194788862,76.27158536717336,6.177385122839766,20.142034473687904,9,7.6
P_1589,57.595134675614716,87.26871509501069,10.425573692559308,21.339126669824296,47,10.0
P_1590,56.94135863247051,86.31257375032604,11.40281314945777,34.17456203627256,29,10.0
P_1591,82.04373724016074,97.66772776068316,11.235626567972684,20.983357665483076,22,10.0
P_1592,59.09400421995724,64.87898299925676,8.972508706671002,27.65136440482793,17,8.88
P_1593,67.28336416619317,63.95616667659832,8.68152903079676,27.848345933252943,47,10.0
P_1594,94.8394204953006,87.52487505089216,5.2858836520547055,26.32361585485416,18,9.58
P_1595,73.69808201314362,81.97870284624355,10.97811535362822,28.960669225805916,32,10.0
P_1596,83.37788692605136,70.41810532927262,6.442684424020429,21.90705433855951,22,8.79
P_1597,58.61599356008149,63.01793602158149,8.470258805361519,27.39525855220472,32,9.26
P_1598,59.61445094043354,63.25501348466436,6.55846683634765,24.326945339197252,31,8.53
P_1599,52.043430813323944,93.97925323723649,5.204455266997238,29.24834341369621,36,9.67
P_1600,58.44675315360823,67.29095833931223,9.666019272025629,20.40080023734354,13,8.38
P_1601,63.92951695159793,72.28811936038979,4.488988313406135,27.704916086271098,44,9.23
P_1602,58.85052421383734,68.61294328462554,10.7378071071358,21.149596041516503,36,9.69
P_1603,54.43512668785278,73.48985962161362,6.85828115735005,22.736932072955618,24,8.43
P_1604,56.03179355503004,62.63810602435155,4.0012122370403675,21.718066605500916,32,7.61
P_1605,73.03893840163629,79.72427205451427,8.600162253135068,21.10824225776989,37,9.94
P_1606,60.31668592028963,62.569277416504164,4.421667176748429,32.03708617653134,8,7.69
P_1607,68.21349305240378,90.41354729724974,6.485526020388095,22.857028650235137,38,9.84
P_1608,75.17086354274284,68.88105911259646,10.362788387101446,33.76110429169564,7,9.86
P_1609,84.51974143146826,80.5204527549714,4.564206594596793,34.48875093086825,30,10.0
P_1610,51.965606992054944,93.44300532733541,11.554046431204021,27.711427988930655,12,10.0
P_1611,89.97051994545214,84.73334002379337,4.034379303927248,20.43101908531735,10,8.26
P_1612,81.39501947454539,80.25239588895074,6.22141482281712,24.367320137452882,20,9.15
P_1613,54.08795159744359,72.32468261838427,10.668136505368643,31.561448476919637,28,10.0
P_1614,93.67893120533887,72.65407269621153,6.846431347563761,24.245642387850197,43,10.0
P_1615,96.04362002659066,85.44050429753122,4.917031492594122,19.47929271114741,34,9.54
P_1616,53.05389799274319,97.77729572640436,7.242105269203851,27.465343485779194,49,10.0
P_1617,63.843882407360184,85.14988921427639,6.43353957746073,32.36705447543259,17,9.45
P_1618,90.31006398965306,81.19576986006095,11.584407119444993,31.53074858143954,9,10.0
P_1619,87.41298451918291,87.76471938909135,6.820131258266288,20.977093382216005,29,9.8
P_1620,59.226050967818864,77.67781326678129,11.100392245984064,29.436998445011934,24,10.0
P_1621,60.467466166835514,62.28540901882984,12.026849303296613,21.748572478406,22,9.32
P_1622,68.5236051395691,81.36727900336058,7.904356776188766,21.70952808738693,22,9.15
P_1623,74.22614925955106,96.38976081120444,12.189488294689529,32.85922014618815,6,10.0
P_1624,80.9127385765148,66.66151180959106,7.395862485668736,22.244372196583914,14,8.54
P_1625,68.44568197848862,86.2201858511853,12.676705748410974,22.47520489080619,49,10.0
P_1626,73.1267358066574,67.63548016904414,4.803605720730157,18.011107642942093,16,7.48
P_1627,87.37354690668784,80.36145200997709,10.183173398529185,32.8013735801338,17,10.0
P_1628,51.834160144529896,63.673705086575346,8.444326364112358,31.47411182455529,15,8.75
P_1629,62.62184721720104,77.11409557781104,7.488839249100824,28.664591896541523,23,9.35
P_1630,85.66747929422762,88.73420649801935,9.694406908737408,30.754517986960316,39,10.0
P_1631,94.76034188435997,73.20771792108133,10.334713824708981,20.58482564621636,43,10.0
P_1632,75.58387210578331,85.26664553051428,4.039269426852782,25.791501107988783,30,9.15
P_1633,76.60567426326578,90.22709851000971,5.502577798724788,23.970729584929273,18,9.09
P_1634,55.358600566988805,95.2327571402192,10.417414455708869,19.59420094636928,49,10.0
P_1635,72.37061834117273,68.91639911050723,9.997468722203859,26.26421824865371,48,10.0
P_1636,76.63086332275115,75.1740048007537,12.694427546158096,33.6525740558248,28,10.0
P_1637,62.12352518173648,65.79180850655587,10.849340112257046,18.681005023861808,45,9.86
P_1638,63.46216154746905,97.71437308201826,12.556954369582042,22.954835529394497,5,10.0
P_1639,68.86420815523113,95.22603678112321,10.322864513813263,21.52819591549696,47,10.0
P_1640,51.003559888886315,80.51837095066126,6.682469877754988,22.048493112316837,26,8.57
P_1641,66.10395827915892,91.997265186304,4.948284300257709,33.44338738194938,27,9.87
P_1642,60.572400349827234,79.7964031363376,11.03641477010442,25.957173921982932,23,10.0
P_1643,66.37486760889573,83.69625614410486,9.797342993283243,25.92709001997692,22,9.99
P_1644,55.98810659096256,63.38672842040863,4.433674111539666,30.9297859217398,16,7.84
P_1645,94.52636403699475,88.7002759788787,7.240454193108805,20.62636746808374,32,10.0
P_1646,79.67962267770244,64.85311237813892,12.611198339358575,26.283511019700864,32,10.0
P_1647,83.95511595722448,91.39056994959608,8.50361031139181,25.309748640058015,37,10.0
P_1648,89.45856193036691,89.71706733147467,7.894562224177342,28.147481739293156,23,10.0
P_1649,74.92210994645286,86.93229851423311,8.119296446433646,34.992480955257456,32,10.0
P_1650,54.34601440437118,61.37409445994096,5.879944516046473,31.0806311993948,41,9.1
P_1651,76.85532709092739,71.51887752592249,7.318364537783157,24.76371695129626,30,9.44
P_1652,79.34205590104395,69.99827765661203,7.328319303884589,32.0684018886588,39,10.0
P_1653,87.2719737092165,73.68518348391773,4.471195181687252,20.902042176312165,38,9.07
P_1654,71.58297731148397,63.330424377025864,10.908108656661264,18.517882667252323,39,9.77
P_1655,56.37901513977819,95.60439727518039,7.7485398871349105,21.47562233189264,44,10.0
P_1656,64.18879528993622,81.0444851470703,11.39961898134781,23.786996453942415,20,9.99
P_1657,68.15411481993175,71.6099238050049,11.653132010079059,26.679872876812517,42,10.0
P_1658,82.29586206658007,75.08529764882277,5.907946492287922,28.457195389200397,17,9.12
P_1659,78.53891523344559,76.99369653918376,9.916181339531157,33.48029719264517,27,10.0
P_1660,67.80483629489231,82.82258466770345,8.250536237466836,26.66751816235778,26,9.83
P_1661,99.32576243964898,79.59581825246691,11.921410641293367,26.5216859586374,20,10.0
P_1662,80.28874096784436,94.93689498214786,5.941666112588087,18.854131166990697,32,9.6
P_1663,61.86133958679972,78.88461235042155,10.100318802790397,18.593496395155803,39,9.88
P_1664,55.089123631020186,97.70200456328588,9.469769100274503,27.369719352578326,49,10.0
P_1665,57.642956959216605,92.35414839431364,6.657713298146495,25.449036425221855,12,8.85
P_1666,62.29788641922541,67.92339954557876,5.229408132860554,32.26606671466507,48,9.74
P_1667,58.03406866297779,95.36261815646881,9.86475784429549,20.731552940101366,26,9.95
P_1668,59.32835120256529,64.42192311964808,10.647377123190976,18.42451825598984,25,8.87
P_1669,64.25475843469235,91.06308892266529,6.84064609387015,25.63365905481214,30,9.75
P_1670,58.66867976473774,74.46368515211005,9.803493436200824,22.037135464788378,44,10.0
P_1671,94.83827123132126,93.36302417691263,7.556178168503529,18.843444346760236,25,10.0
P_1672,54.01168728308211,92.98615422408312,10.41886194954356,30.31817087640969,29,10.0
P_1673,76.22556947851274,90.6251652044696,5.792937474046478,19.897080999273207,45,9.92
P_1674,70.51984134948307,90.02115657966833,12.01193502372557,28.341431500132117,5,10.0
P_1675,99.11893084543033,71.57780728572556,6.586686368190218,22.777845752837116,10,8.85
P_1676,55.60194510840262,63.074932755947586,7.310073889805376,20.949432856035376,27,8.18
P_1677,69.89277995228709,75.31324679307613,4.522827568723148,24.4557758896284,27,8.55
P_1678,98.47352166376845,66.59393156948732,5.0036099108914875,31.624578195790214,47,10.0
P_1679,93.27535629469901,86.40814137829355,8.642757124410952,24.665590807377736,47,10.0
P_1680,90.85360354746399,73.15178960843585,6.408334090551744,30.763084036587948,27,9.97
P_1681,62.895141352246995,97.07318763267676,11.51932203167975,20.133267045585562,36,10.0
P_1682,58.54437936950329,84.35693893912261,4.132240497894585,31.137114134306344,34,9.3
P_1683,83.43216099622154,91.25426141810571,7.411846438047426,22.027866523413028,17,9.57
P_1684,96.46879945637929,65.03593756419023,7.0361099209218345,29.515683208110836,47,10.0
P_1685,77.83814465069649,92.75655032635966,4.17394867825841,27.618286432296937,22,9.33
P_1686,78.580634473495,95.06477323950898,5.119315591004592,33.79546019259868,27,10.0
P_1687,63.998954683014205,78.50835291511956,7.722784074267717,24.58448280558034,19,9.01
P_1688,88.47464665959684,83.03761163453714,8.43578126002702,19.12480821018549,37,10.0
P_1689,59.35218742787617,89.06277243431383,7.638607725293822,18.3256432543713,25,8.98
P_1690,66.18396182021218,66.64386783589568,8.778439105708845,32.056595536536804,43,10.0
P_1691,71.27182193082083,79.09751090561082,9.356185074151135,26.920505840244346,27,10.0
P_1692,75.38051893422275,75.1491950553479,4.089314390150521,31.179148881194138,31,9.27
P_1693,62.12048662075401,65.56221170216547,8.176856435081536,21.98523520019575,49,9.61
P_1694,55.74184123696018,73.9663080470782,12.671493167988295,23.866423673724974,48,10.0
P_1695,80.53100212208163,62.59054775664875,8.67129052116594,18.511765827592424,22,8.73
P_1696,64.43152766201278,60.980852464080506,10.097880407130578,34.345369517759906,28,10.0
P_1697,79.06191107113061,65.13631898788327,6.806774721251949,29.353754413913826,44,10.0
P_1698,57.718135763710116,96.59837424038861,10.965922403374863,33.86448649190821,46,10.0
P_1699,74.05700509274087,80.88212236401064,10.956293336885036,22.513438926294228,11,9.66
P_1700,76.62947162757929,96.70124212382237,8.69166442888725,28.394881390836233,24,10.0
P_1701,52.591176841121346,76.43491937654501,12.784124409512922,29.534499460974843,31,10.0
P_1702,66.83021390969603,71.84901305723986,5.1299519328638805,23.398344904379,10,7.74
P_1703,56.72073384694871,79.23339078792927,4.152528984006229,32.41785699526571,31,9.06
P_1704,53.168748523638385,76.70144416805059,10.931423905813864,34.10174486930421,13,9.99
P_1705,99.49801161949726,64.01525800194626,11.264399836283943,33.04253700083207,49,10.0
P_1706,66.11769224873615,84.35139995822783,5.081865062085186,30.564138590969335,35,9.72
P_1707,90.49372229273175,68.20945093536479,6.390245496627455,22.71689955532422,25,9.06
P_1708,62.732032738188195,83.54434228611753,4.15797127029966,22.78747271579574,30,8.55
P_1709,84.07513611119646,84.70764151112982,6.639777497025082,34.37712544758264,44,10.0
P_1710,88.01139299448432,65.77694441888863,10.958276865268044,18.174836430906765,49,10.0
P_1711,79.78193703039221,62.33128583020539,8.66164474941321,30.172849545116456,17,9.44
P_1712,73.57880942750792,89.66894027060071,7.132860338514593,30.006184763439457,27,10.0
P_1713,70.59204570736343,77.47241610323417,7.345653654156973,28.585722196146556,24,9.56
P_1714,67.44341332714977,62.21022422920808,4.012182631439213,34.83185038347672,41,9.29
P_1715,96.4764572123913,97.80492005245115,6.698204748087123,23.301950407983327,32,10.0
P_1716,91.53097038938645,62.19566131786193,9.818128674741374,23.779521684485218,21,9.66
P_1717,98.25134553332563,86.41133869662502,12.767749994347215,19.341969850091445,32,10.0
P_1718,56.21486117427724,97.37979916000972,11.623547442855095,25.527568321243535,45,10.0
P_1719,86.54337376018222,69.08884396020517,4.212354681809762,22.437824945992418,6,7.67
P_1720,96.91702284105189,65.40547601011346,12.087045442073554,23.837573937019954,29,10.0
P_1721,59.061653308283006,64.6126276980523,11.048785719687633,32.18772043434567,45,10.0
P_1722,53.32481336833887,71.52445560756863,11.023385112138824,33.903236729967425,10,9.7
P_1723,87.05603246450295,63.83974081840457,8.121961831032143,21.157462224088157,15,8.73
P_1724,78.7236556589956,86.30213098437702,7.582047636590525,24.33265183640892,42,10.0
P_1725,92.0914388379136,62.36708832894238,6.7262415594987335,33.786719555961696,10,9.27
P_1726,56.988618831314476,79.358040869692,4.591253730589292,19.050743831716783,49,8.83
P_1727,89.76336559299452,97.87448044641312,6.054118271443292,19.570128977893436,15,9.35
P_1728,60.08136600238723,90.93087024122872,6.219432714802222,20.7674468165059,18,8.62
P_1729,58.18279714328523,83.37833865277841,8.356693627391813,28.118618180156872,6,8.95
P_1730,58.21328989654965,71.63763758989124,10.726999659370247,20.558028607101956,44,10.0
P_1731,90.72873601156911,83.70804177908227,8.26428845558152,34.45729848466247,7,10.0
P_1732,83.25986103481,80.02757562864277,4.5206000450244455,25.594146963394845,39,9.62
P_1733,76.15327123845597,76.19116858783411,12.620108208893836,26.52580532595283,37,10.0
P_1734,67.94152420617513,64.96699431612758,12.48451887184701,22.19319646869191,28,9.99
P_1735,93.86002704065541,93.69096017913773,11.066705888335676,26.00632429139047,23,10.0
P_1736,69.62225537113177,77.09181665521025,12.921951114077984,29.252531754829196,22,10.0
P_1737,90.82997197357886,67.39565544918908,8.900340995202367,30.77001132821873,28,10.0
P_1738,71.95674542851091,73.974855333337,12.664915152278855,30.81575740606852,49,10.0
P_1739,68.84722147124538,75.73693059609923,4.6804453655507565,27.8241489157995,39,9.33
P_1740,73.13398928348032,91.44644003154121,7.291126734352342,33.374116174895576,5,9.72
P_1741,65.0688937082071,87.87734646133327,6.028431412060892,31.89593340420386,40,10.0
P_1742,87.38046900881255,89.23358595837091,5.762497757208431,30.869817949876634,29,10.0
P_1743,75.13601950462396,60.419188048288596,5.267226540034085,18.94529386856783,49,8.79
P_1744,61.61063475734086,75.81385193083094,9.60172277409397,18.11692535773404,47,9.92
P_1745,94.97872866372842,78.2910777621423,11.031896701725746,21.61160371232304,38,10.0
P_1746,69.19456106866056,60.72930651927616,9.204685594783246,29.27990109652869,29,9.66
P_1747,77.17764305569943,69.8729019323113,5.322664386293887,24.99035731100328,20,8.5
P_1748,95.32360554822735,88.89101327864113,11.300113929401238,24.8409064080883,38,10.0
P_1749,81.21189979569961,65.21016881770197,9.723592364473557,33.03797709990343,33,10.0
P_1750,55.8449020354182,80.34178499519848,7.493491355142959,33.22456841824126,23,9.66
P_1751,96.99160618067376,68.17767113665502,10.067172659824568,33.455979488910955,27,10.0
P_1752,81.38540265357089,60.46058943646794,6.339144813185495,23.335927300755465,23,8.52
P_1753,66.7452807328543,69.16565538878258,7.106729876447894,29.74794881656745,29,9.41
P_1754,56.96360363316936,97.08320268658204,12.257372588187913,22.617764081664284,20,10.0
P_1755,89.7012594635148,90.4584102515536,6.614540551042784,21.240367162265645,13,9.28
P_1756,81.00363779642568,96.46391248419927,8.22989441342143,21.138751774905277,5,9.35
P_1757,76.67305459881608,78.53845366920177,12.011270236564132,23.8158295546811,46,10.0
P_1758,94.69462915254789,64.16997554974513,10.369492152407748,25.30927953625697,23,10.0
P_1759,89.42986056122655,80.82246058100033,4.559829035482325,32.12613590793616,37,10.0
P_1760,57.58374398663756,77.26633871327851,5.3257273985107325,20.038148589036105,38,8.6
P_1761,65.5861033897774,92.0855691441054,4.070574316947251,30.4937394057132,20,9.12
P_1762,62.424456990723286,63.72713806980129,9.67829611206247,27.03473354121819,48,10.0
P_1763,87.19731462863385,78.55316320682758,8.029060828693765,22.89507082549187,44,10.0
P_1764,51.67662173678897,65.7018492583714,5.20847365812048,26.37793293705802,22,7.88
P_1765,78.49448424356582,72.33768522182228,12.621407089510933,23.099015186209385,38,10.0
P_1766,88.12293428703452,88.01956894073639,8.766937515510579,28.133393239051202,29,10.0
P_1767,93.83828183808748,78.08868891601313,6.177039647016002,25.375346688539153,49,10.0
P_1768,67.10408743579538,74.28375483553924,8.505432140392369,20.79489399434094,10,8.47
P_1769,91.06286523360063,74.99009858566134,10.116582994615971,19.981912267446845,25,10.0
P_1770,55.53158684776036,77.4589771994275,4.6861529617620805,27.293826595226214,10,7.85
P_1771,92.3226145867259,89.83062866580816,6.472334335431028,33.341021565863755,36,10.0
P_1772,56.37443311659912,93.8992181797289,11.262689417955944,23.847280671480654,45,10.0
P_1773,69.86436452801837,96.30271808714927,8.136983833623951,30.461001822784596,47,10.0
P_1774,89.86476828897767,89.9023286777012,8.919194278290654,29.197243033976036,43,10.0
P_1775,57.49587136743869,71.98546203842449,7.895344019885224,33.83643354326118,35,10.0
P_1776,61.462569761632075,86.1491188312886,4.395099483787046,31.956677294085395,46,10.0
P_1777,86.1126284196533,76.62891871410488,5.491748018381403,27.63228940139287,14,8.98
P_1778,86.00182682730372,69.67748363774994,8.009874748677017,29.169518469979824,34,10.0
P_1779,82.05738164426486,91.95312001818506,5.8826691886713505,33.272569931928594,22,10.0
P_1780,84.697422223355,61.46020126056835,4.4498112579371085,24.79181933797789,28,8.48
P_1781,77.13622216737981,94.26695570114609,11.592846976466413,23.555509999582213,13,10.0
P_1782,62.58995294534763,77.53614365573989,12.830732762477043,18.183788421798337,35,10.0
P_1783,67.28479967519597,84.21365611871465,11.138285865970655,32.05136826125489,19,10.0
P_1784,59.079885840071285,85.05544904381975,11.684064295342004,31.616671906857203,8,10.0
P_1785,95.42252806668142,94.01447414684839,6.1777941728534085,19.775726807702572,44,10.0
P_1786,79.16958973830603,84.19344792235388,12.645642779618798,27.806575479255905,13,10.0
P_1787,70.042570838182,83.32947622088236,5.772331340080855,25.887688868837085,49,10.0
P_1788,73.10029018220663,62.53277754130622,12.562868293256491,20.018054623654894,13,9.28
P_1789,97.36416698059077,79.69950483391776,12.95337364569356,34.6696598600323,30,10.0
P_1790,57.66757015580401,65.70642203104758,10.405505251714438,21.649830086877042,8,8.39
P_1791,79.31149160083986,88.02248321141646,12.830293586126396,19.14298106153954,21,10.0
P_1792,75.2944339442233,79.46443299088163,9.125858016103933,28.112405451532464,20,9.99
P_1793,80.57271177173239,85.84865560991743,6.335876048584813,30.560733511261553,19,9.81
P_1794,50.90550919104203,61.5835702228906,7.932962970990587,18.551538582802177,39,8.46
P_1795,93.60619544720757,63.222096609740525,9.342048418409075,29.198199858359377,9,9.58
P_1796,96.60591412418063,87.22028874638193,4.657734058243135,27.048961891174727,9,9.16
P_1797,78.25665917946044,62.73920476794959,9.601089381555216,19.755505150875823,24,9.09
P_1798,84.8325411938446,62.70775565507983,12.83060053086065,20.932905908088156,19,9.96
P_1799,96.12496905886479,60.46012205892572,5.7109688480535485,27.655563054373367,22,9.04
P_1800,85.36193171566993,96.34705313538024,11.13335604659545,23.038079429725904,6,10.0
P_1801,57.62695214571307,88.02531765944227,12.171089144016575,33.951367387072374,33,10.0
P_1802,78.81441800834065,73.42355352307844,12.493314335381987,31.918583901228864,17,10.0
P_1803,80.3357523191428,71.2683520889309,12.641220439649025,34.720642510732276,8,10.0
P_1804,71.2065335651193,73.28872273034229,8.693136748493249,22.41440426215704,46,10.0
P_1805,86.82221178123615,89.43683418488492,12.795771171923533,34.48530175756561,49,10.0
P_1806,96.71835073845074,85.13208322067575,10.815791864209949,25.330975786456484,14,10.0
P_1807,96.27842564533881,67.03743157896378,5.455042926132657,23.907819520333828,35,9.43
P_1808,72.5419685702066,66.6161547426952,8.29210095821173,18.855941958479004,45,9.53
P_1809,55.661902292037766,63.7390346891091,10.464980578348037,18.897009383613245,12,8.23
P_1810,99.24205994811672,85.09150334865085,6.22606284237175,29.76419135109313,7,9.68
P_1811,91.94490432229671,89.04616116442597,9.765536651939986,25.784792905378474,13,10.0
P_1812,56.233134060163344,70.07176427635015,9.999404311419573,21.850867642613796,34,9.47
P_1813,96.04209413086862,60.79590851917469,5.464297694277093,28.437495207528954,15,8.77
P_1814,93.49481810310641,63.12252336410424,9.085767812074806,22.29858801025189,39,10.0
P_1815,75.94190285630361,96.77868132411115,10.944642198807468,27.819739823855183,41,10.0
P_1816,79.56377178724647,71.22690154414197,8.490060980823477,24.106548698705737,46,10.0
P_1817,69.95013519350651,89.23047961784908,4.108928050984967,32.00038785240092,17,9.14
P_1818,52.73808194110157,83.73721561646202,4.08134622171363,31.95183473303525,40,9.43
P_1819,66.75986208229504,74.51370630681005,7.21326409573011,26.114956768080823,17,8.85
P_1820,90.14267242990057,67.81611596343109,12.335746615886038,23.963924858695265,16,10.0
P_1821,50.23160115023014,64.61268389005744,6.0580910164324795,24.163516541504606,41,8.6
P_1822,66.6749585845572,83.37049278547693,9.709273199845185,31.697146936359704,14,10.0
P_1823,69.90843467954717,89.43608366423595,5.998682836239885,23.579051207559402,13,8.78
P_1824,76.86978014689615,84.46836163456297,6.895029906935937,21.554009353016383,11,8.77
P_1825,95.99278082063802,80.15148106346801,11.632378806413357,19.439701811880216,6,9.91
P_1826,67.31729971829806,61.59414649040218,10.559752980429522,25.933783055034944,27,9.63
P_1827,67.34766009481139,96.8025735485866,4.858593495818896,26.19624568163731,43,10.0
P_1828,86.87506240548743,90.35113928287383,7.858318188877902,32.295448076849425,44,10.0
P_1829,72.61089704449036,71.12723739463667,4.2625278728073805,21.76105783958309,43,8.83
P_1830,61.2302411469991,97.23887251563633,8.32801131942708,24.476851652362797,25,9.97
P_1831,72.62197580663467,82.87150040618025,9.961906105309613,31.74289756119275,27,10.0
P_1832,57.04285101898999,82.13206101187536,5.066523612383364,32.001601382732545,33,9.45
P_1833,58.819349325311165,88.42678081832221,6.599964450182491,24.53838829163906,18,8.9
P_1834,74.91838863697399,90.84725194742524,7.580529629519413,25.805108395873575,30,10.0
P_1835,70.9462724752274,84.9461870785971,12.275779221904447,23.15586014443781,9,10.0
P_1836,95.742295053405,64.8676383619156,12.939295138806676,33.8534329331283,35,10.0
P_1837,68.11969495583165,72.85416522779094,4.404201690960543,20.016944017606864,29,8.12
P_1838,79.02941751390217,95.26717833238989,10.849071311458529,33.87374019102499,35,10.0
P_1839,81.61321439597651,68.53539325006638,7.3455165976210886,29.625729681200834,24,9.61
P_1840,50.654722829416684,74.1423469058255,7.5321236760653205,27.03672659567443,48,9.83
P_1841,83.17686860083553,76.41892155187945,10.788384760123204,18.55520403333643,21,9.78
P_1842,58.90179834348757,76.69738960838919,12.265837889308678,26.08513526097414,49,10.0
P_1843,98.05351587347275,83.29170413479197,12.558357350522936,24.931717785046448,6,10.0
P_1844,57.43313638765565,95.83688183429888,9.194103274344887,20.740719803577083,29,9.91
P_1845,70.73120618635119,69.14632304963519,7.214090433704525,29.158963259511168,17,9.0
P_1846,54.26748340393219,64.61705229943489,11.087941772729014,34.50956542526086,43,10.0
P_1847,99.84371259229736,67.50387861467762,6.259012449360702,27.557209788096927,32,9.91
P_1848,75.10975051656213,93.70314620795224,9.07666625950166,30.150805699547078,46,10.0
P_1849,79.76925086600218,84.54081088089782,7.227206153723858,19.163657693622284,10,8.69
P_1850,53.353823869421376,70.86445799108809,9.909679663370884,25.10033892888891,7,8.58
P_1851,87.49802351995889,91.00598368080746,6.1635902160415625,19.97809424779643,39,10.0
P_1852,60.49527965477929,92.73205986181057,5.724336511613432,28.417529204120676,22,9.34
P_1853,94.90271447203568,92.16754487023056,12.264151780078933,33.954196689640625,15,10.0
P_1854,60.25698202410036,94.91920827830307,4.916233146545832,29.250221452017854,24,9.36
P_1855,59.534386033183324,69.58515876658774,8.553621169614384,19.305651821345165,9,7.97
P_1856,51.827483392404744,88.69159329235858,5.98767504666708,24.02932548474641,23,8.74
P_1857,73.60334725549995,77.50050089641732,4.350369669931007,27.361277450494477,26,8.87
P_1858,78.24205666313082,91.99594500982234,4.324169364622837,24.85453185426529,23,9.17
P_1859,53.285431971417616,87.68264573214131,5.576995948952446,32.171948178077926,20,9.17
P_1860,88.77638083475053,89.50500296698954,11.800933190554002,31.849407080069817,28,10.0
P_1861,72.66444173740138,84.93414983188072,6.54230869579324,28.401127341754766,45,10.0
P_1862,76.219513466379,66.74229323984886,12.554132535177661,24.34878506725599,8,9.65
P_1863,72.03813734691141,80.71102291808366,9.23460063690274,22.34071835397515,19,9.48
P_1864,70.0381530437663,97.41745010193131,7.929527707918895,19.7998634096232,29,9.89
P_1865,77.9820165654109,95.62074652689051,9.220799512025092,24.033260619271417,48,10.0
P_1866,57.76201229653562,61.640601960286446,8.65028546703641,25.023932792531234,39,9.33
P_1867,59.09640652476355,66.26296299771862,10.828986283815926,29.48898972676925,18,9.58
P_1868,93.08928105067587,65.00569339127335,6.54246459375567,29.18871701305875,23,9.49
P_1869,97.30577310668164,87.58723657944122,7.177453524402722,19.19183837390137,42,10.0
P_1870,68.66546581398765,91.07584253456392,12.046848722799256,24.71940836232968,40,10.0
P_1871,63.53723365717769,68.11343191980554,12.518108618353649,21.09024074269515,11,9.23
P_1872,82.19997716195078,79.22240233216951,12.033024047378271,20.665815990385695,34,10.0
P_1873,70.43670855490481,91.9467150644256,7.775031945615822,32.06413654553318,23,10.0
P_1874,51.26931778301724,87.84645870111753,11.023289527061936,18.71255868417638,29,9.77
P_1875,57.80762986830952,80.60501380869023,8.287021599709888,25.126108890336063,20,9.15
P_1876,85.79861144236988,82.43321223743337,8.47785866931492,20.859462148030808,44,10.0
P_1877,82.94619709550757,79.31770078281863,5.8421209815155555,32.94861366653406,12,9.43
P_1878,51.354799625174174,71.30684115011518,9.320172729326648,27.469688725675596,22,9.19
P_1879,61.098608096647474,81.47083572864261,5.675223079780132,21.933470818406416,32,8.83
P_1880,61.55373982940357,86.17764147790345,6.984082291604744,26.5412638818284,20,9.22
P_1881,83.59463717993643,93.1862708027107,11.695271814579417,30.43526811495297,23,10.0
P_1882,50.98552688771821,84.17907145121143,5.863682282897697,34.28800615163037,46,10.0
P_1883,55.205429099228695,88.92261840764,4.640424566560895,21.747582072172122,21,8.23
P_1884,89.99580426865947,66.08272212827377,4.621068333515347,33.06509012619887,49,10.0
P_1885,58.927233102716684,77.53918402795202,12.46706068452797,33.88316994084734,17,10.0
P_1886,82.63730539259373,60.354601553429546,8.562283941656512,33.579149257045124,11,9.45
P_1887,61.90913905233633,69.37379685182168,7.684708646353165,28.802044066652467,31,9.44
P_1888,54.97206963796726,87.60554517429418,11.297907229071265,28.70695112539003,14,10.0
P_1889,62.1586095499727,97.68877815127581,11.522433351194644,24.85458076412499,38,10.0
P_1890,86.11334659278296,63.76876778431421,6.989719298040441,30.790763999164394,40,10.0
P_1891,92.78482340531428,75.25678400272895,10.242562517264158,27.031998311965843,29,10.0
P_1892,91.51099322834958,90.40269681056806,10.940105342666978,29.516447210881005,10,10.0
P_1893,69.85917648092274,67.75335411589816,9.89185618179359,25.283784365429522,28,9.73
P_1894,83.40425682853231,81.09322807348687,5.364355673200894,30.435439888733363,22,9.58
P_1895,60.24921477079105,87.85670924912765,11.882947751653514,32.01601579927733,27,10.0
P_1896,64.65738651305067,83.4074471098868,8.851850974624078,20.489416362247873,10,8.79
P_1897,94.81679092605599,67.14493991538582,6.542251837330033,32.15980516476188,33,10.0
P_1898,50.6500961755368,73.5046136100581,7.827053668939245,27.185041040435223,29,9.13
P_1899,54.2754265427234,89.7840878104451,4.338139813590167,32.359320454533815,21,9.01
P_1900,60.394312757301364,81.06060753701664,5.150801211001758,25.33212900779725,28,8.78
P_1901,51.32661019369099,60.198725314630686,10.889920754642748,24.443688251511595,15,8.67
P_1902,59.071771754489866,88.91764888106756,4.000104712798295,33.55603245279278,30,9.47
P_1903,79.15207804848461,61.34183148772908,7.749092456340629,22.26987754832282,38,9.36
P_1904,71.0712275296249,88.33788374378682,8.702591629770296,32.35160952986443,32,10.0
P_1905,94.63358555384875,67.69426128627902,4.491709780008751,26.228349732659872,7,8.24
P_1906,90.87217808692205,96.40679224453645,12.757703466750996,26.739622523371416,15,10.0
P_1907,67.0908675848938,73.9817485494792,6.035127981247047,23.243960785321228,42,9.31
P_1908,62.971171671564626,72.423401420847,6.737788476726528,27.741717410523265,18,8.73
P_1909,68.98462040836334,65.65774591263289,6.7354826102952465,23.528590336695594,30,8.79
P_1910,79.51474712574039,71.61296018862816,6.0737499590561495,18.66758004210809,25,8.51
P_1911,63.403182041143815,93.31272894947162,4.013264398776803,22.623976290854053,43,9.38
P_1912,81.2074453924567,97.8607048298354,10.564103146791968,18.10844373791204,34,10.0
P_1913,70.47058260956203,73.99576215926024,12.701609498193568,34.63203137996656,12,10.0
P_1914,77.602359042599,77.04720397627261,6.018641349565406,34.4177025669357,24,9.85
P_1915,71.80632645676583,87.43869565170401,9.967424726230803,24.717640057029186,36,10.0
P_1916,64.72328797709588,93.67543965767283,10.677066942628436,30.382304523773982,26,10.0
P_1917,97.42266534810784,82.5356846990978,11.635828411814723,23.878703672977224,11,10.0
P_1918,88.18028970798804,74.87797653075751,7.803662773122483,29.408583670461592,13,9.65
P_1919,57.00565878832263,75.6796299522477,6.726378150763863,31.692310731781646,49,10.0
P_1920,93.42339879489563,86.43348956687866,6.9276562062072795,34.09485615976809,5,10.0
P_1921,74.37155991247567,60.12229401696259,10.413591997886616,24.803608689444424,33,9.87
P_1922,94.72761134470457,83.54439482347395,11.351015198550725,31.31606571025281,12,10.0
P_1923,89.99276279736577,73.50873439677159,5.634525709809424,22.52078366074602,8,8.35
P_1924,71.26067522346167,90.1794985885292,7.338469073419887,34.835649164492025,39,10.0
P_1925,51.12346541600587,63.53364431327902,12.11746177074235,18.43808317899397,7,8.29
P_1926,63.4338679692473,82.35168614403884,11.260241677252653,28.259989710519058,49,10.0
P_1927,77.08171073304334,78.2769698156727,12.863725624862283,29.211601688072562,44,10.0
P_1928,81.67391099130737,84.40836998439863,10.788234337138727,29.69677447026019,11,10.0
P_1929,62.894384271660115,62.4644365903528,7.5387568092513,20.046588839414515,31,8.49
P_1930,56.96780370364121,82.039383922269,9.31574050595174,33.95500631904322,5,9.54
P_1931,91.74651183996495,81.3364143424619,9.949128288225882,21.080115743851408,31,10.0
P_1932,99.22010903517761,81.3050835878145,4.706102346854116,28.586807855077296,20,9.59
P_1933,76.28450911513428,82.93253133066528,8.900472631934786,21.785493345092444,42,10.0
P_1934,58.583964292415175,85.70578161460176,10.383887456253486,23.222679089361606,11,9.36
P_1935,63.61536632596845,90.58958198786925,5.505891736009543,27.289795209378113,48,10.0
P_1936,50.919533827373336,70.25318736487215,11.025685456830015,25.0922881155978,27,9.58
P_1937,95.71494032802495,91.35187758684236,9.253955024627004,20.723835216600605,45,10.0
P_1938,55.88755414450706,78.93371592601125,12.569996071278352,20.90591884115442,15,9.57
P_1939,78.82582377571268,62.928214607104586,4.381800683862025,25.108461398767595,46,9.12
P_1940,63.7027610343603,62.22493531127121,6.387935237999203,30.873810630683515,37,9.32
P_1941,77.70890012578967,72.70105611045031,9.413984913698418,33.2653989964124,40,10.0
P_1942,82.57101941759322,89.82608513023577,6.669039209853376,19.430170258409508,41,10.0
P_1943,91.48709018536007,86.8918755201548,10.42981747664118,24.68276642850982,45,10.0
P_1944,60.32106358803016,89.96736865755145,10.83104754269738,19.704174583288903,21,9.78
P_1945,50.549791432924025,79.65622414478116,4.92264367659827,18.282072170754162,39,8.3
P_1946,56.844281503440364,76.72756192230864,8.62469017786091,29.249217604947262,9,8.96
P_1947,95.00093209240526,65.60319601483879,8.580015000319502,28.241640513431992,36,10.0
P_1948,93.69450387812577,72.47132463715384,7.3235269319398695,20.771324934853066,7,8.65
P_1949,79.87065510851542,76.49273591460727,12.396323763127048,21.97481816258209,39,10.0
P_1950,80.02584302168268,63.366816327825454,11.44755687885899,18.40303181195681,18,9.27
P_1951,83.25183372731277,68.38325420302603,10.274884437186731,32.19410249680486,35,10.0
P_1952,58.76856393117248,82.73256117442207,10.428939721614977,34.56974013282537,35,10.0
P_1953,95.72059729624799,87.95519834108921,8.15544529431807,20.302812125509742,21,9.97
P_1954,70.93852624460365,97.93720543293209,12.288950689869182,21.93507863401007,28,10.0
P_1955,69.15692641247487,95.45830659105519,10.251358845279569,32.762961907097875,27,10.0
P_1956,75.94588526414188,84.41747758233728,10.560829554902348,33.749884565255144,22,10.0
P_1957,52.348298338752755,76.00742602517474,11.755218134086107,25.133665507715776,18,9.64
P_1958,58.31416843780397,84.17473985891284,6.466644304079719,18.86058202857426,19,8.29
P_1959,86.90168082131852,89.85476148704882,11.263638134800328,18.66966117277793,19,10.0
P_1960,54.139933396256325,64.49677525508872,5.757165426608428,27.757147723173176,10,7.67
P_1961,80.1576054733194,75.57638580845895,7.1080775702039904,24.679216851184044,31,9.64
P_1962,62.26745548406605,91.91248685415346,7.020494088428585,18.487091268820127,19,8.77
P_1963,69.46478070209884,74.58565217345567,12.806729215502266,27.915290669313464,40,10.0
P_1964,64.43468683853499,81.7311463066331,11.708835013731342,18.19214312201338,12,9.33
P_1965,67.78363582324747,82.33523571276353,10.310528754312337,31.38532328853764,19,10.0
P_1966,85.95229525921228,67.0100976190783,10.54351085453851,23.20935798595732,7,9.27
P_1967,64.85608578115875,73.76494678278696,9.058655149623139,18.684386051156945,17,8.64
P_1968,78.32023201484486,72.71142897219342,12.523816003976671,28.001987756713607,45,10.0
P_1969,73.80252010995498,60.99547492421846,8.466328775941253,24.76063504536193,38,9.6
P_1970,83.1835582681324,60.9192870278715,7.424659388829051,34.55460702707154,28,9.95
P_1971,96.84148696623791,91.60448765967939,5.467318032384319,27.251377262562936,44,10.0
P_1972,86.62860486051252,70.37669077896687,11.075850870349523,22.67906607762914,36,10.0
P_1973,60.74701892953784,79.68699311707499,10.609995388680323,30.06046069877757,36,10.0
P_1974,51.55915675306424,71.35157179637338,7.459195346717214,22.615364043226094,34,8.82
P_1975,63.113202214991254,95.74581131438293,4.226740725633064,33.372135953928606,17,9.34
P_1976,79.75389653501274,69.8532768368994,11.550975949462096,24.3702734986254,5,9.48
P_1977,52.57129067421252,76.32695888407953,4.102761851086663,27.347765567195488,38,8.72
P_1978,74.81831236006181,93.16374951841487,10.333298016661459,18.85974276501189,19,9.98
P_1979,79.84214244584446,91.99347553808873,12.732313987534514,25.244061045187923,48,10.0
P_1980,66.71219454084805,67.07185387815854,7.938951953333831,32.150180174236915,18,9.29
P_1981,88.54561018729109,90.500445772237,6.1147606449635745,31.69602969117681,33,10.0
P_1982,55.32991265668859,77.41110169603992,10.343839090390436,21.813415500509947,38,9.94
P_1983,53.75688908679044,78.3528171392435,11.354153278140267,21.843344207179566,22,9.55
P_1984,86.40943781018017,65.07223895180586,8.917872844700625,31.894190307625024,11,9.66
P_1985,74.77456581030992,63.062857522770734,12.703317477305315,33.81677314287853,33,10.0
P_1986,84.4201198213868,87.66169366500307,4.46501849492165,19.62113566164106,35,9.26
P_1987,71.74136693018731,78.8655237895014,8.543160384740753,25.65099687024583,29,9.9
P_1988,62.32010166195534,76.60032669937682,10.466085525902951,23.73672274239189,42,10.0
P_1989,90.95511588371,87.72131268879107,11.76376424034261,32.80170374277647,18,10.0
P_1990,89.97079394844897,89.08949016166217,5.613300507170111,19.41992354956032,12,8.8
P_1991,84.73482354272133,66.03851037143544,11.200031335873133,21.589141023486636,31,10.0
P_1992,63.607256861498136,83.18855568015037,8.974363681466908,30.791961738970404,6,9.45
P_1993,79.51153334345435,65.14345512655206,7.568983137909669,18.871995432680666,21,8.51
P_1994,68.04869484700134,88.55225326910374,5.185435257211842,26.373101472142917,41,9.85
P_1995,54.579103666331704,84.96429593815131,11.787661830180213,25.515819589555242,18,10.0
P_1996,95.86567877311214,96.3513556011714,5.415458873617438,23.684820042808727,29,10.0
P_1997,56.84093154594807,62.620404621544004,6.788090732881893,24.707729360421705,34,8.65
P_1998,97.51186769104012,62.16807940374766,6.610409787661932,27.00898997781396,33,9.75
P_1999,72.30028864789779,70.7231088383416,11.842726307717689,20.743245092602514,24,9.86
